rank,content_id,score,action,reason_code
1,content_f85630630136,0.97,refresh_review,visibility_opportunity
2,content_730c0b690c12,0.965,refresh_review,visibility_opportunity
3,content_452a4e18212c,0.96,refresh_review,visibility_opportunity
4,content_94d1f783deed,0.96,refresh_review,stale_high_volume
5,content_91c02d2830b8,0.955,refresh_review,visibility_opportunity
6,content_2d22e0215964,0.955,refresh_review,stale_high_volume
7,content_8573511e9f28,0.955,refresh_review,stale_high_volume
8,content_f2508318df4b,0.955,refresh_review,visibility_opportunity
9,content_3cd58a4a2731,0.955,refresh_review,stale_high_volume
10,content_20b682542a31,0.955,refresh_review,visibility_opportunity
11,content_4b40bc3fc714,0.95,refresh_review,visibility_opportunity
12,content_eb3b2c3bbc34,0.95,refresh_review,visibility_opportunity
13,content_5dffb6753f7d,0.945,refresh_review,stale_high_volume
14,content_f49660e074e9,0.945,refresh_review,visibility_opportunity
15,content_9bdcd789c811,0.945,refresh_review,visibility_opportunity
16,content_1d0963b56227,0.945,refresh_review,stale_high_volume
17,content_9b28cf5ae4f3,0.945,refresh_review,visibility_opportunity
18,content_ff3237507101,0.945,refresh_review,stale_high_volume
19,content_9ac61c04930e,0.945,refresh_review,stale_high_volume
20,content_09b0e4b05a30,0.945,refresh_review,visibility_opportunity
21,content_53285c7434ac,0.945,refresh_review,visibility_opportunity
22,content_baa7232f4846,0.94,refresh_review,visibility_opportunity
23,content_7e3d9c85959b,0.94,refresh_review,stale_high_volume
24,content_35d63627bf3e,0.94,refresh_review,stale_high_volume
25,content_e988c1699454,0.94,refresh_review,stale_high_volume
26,content_e3055c8ca910,0.94,refresh_review,stale_high_volume
27,content_7a6cb4857fe6,0.935,refresh_review,visibility_opportunity
28,content_c8aa94ff1243,0.935,refresh_review,stale_high_volume
29,content_c5cdd229c348,0.935,refresh_review,stale_high_volume
30,content_9bf359248199,0.935,refresh_review,stale_high_volume
31,content_8ede62882d0b,0.935,refresh_review,visibility_opportunity
32,content_bb82ff64c917,0.935,refresh_review,stale_high_volume
33,content_720edd4e1491,0.935,refresh_review,stale_high_volume
34,content_aec0a7f1c9f0,0.935,refresh_review,visibility_opportunity
35,content_8f1409b2674e,0.935,refresh_review,stale_high_volume
36,content_35972508aa52,0.935,refresh_review,visibility_opportunity
37,content_9db40e41d57d,0.935,refresh_review,visibility_opportunity
38,content_4af460eac501,0.93,refresh_review,stale_high_volume
39,content_e2b8e97ea579,0.93,refresh_review,visibility_opportunity
40,content_41baf0722ad9,0.93,refresh_review,stale_high_volume
41,content_4d9f36001f06,0.93,refresh_review,stale_high_volume
42,content_cf296f912fb7,0.93,refresh_review,stale_high_volume
43,content_d38581402cd5,0.925,refresh_review,visibility_opportunity
44,content_6383ca5adafb,0.925,refresh_review,stale_high_volume
45,content_b46c62b14582,0.925,refresh_review,stale_high_volume
46,content_48cc6894c726,0.925,refresh_review,visibility_opportunity
47,content_5ef76f383560,0.925,refresh_review,visibility_opportunity
48,content_bf313c86ff6b,0.925,refresh_review,visibility_opportunity
49,content_0d748c484ab1,0.925,refresh_review,visibility_opportunity
50,content_24d8b73697f6,0.925,refresh_review,stale_high_volume
51,content_1f97c2c8f517,0.92,refresh_review,stale_high_volume
52,content_8dd279f26d0c,0.92,refresh_review,stale_high_volume
53,content_47806094bb4d,0.92,refresh_review,visibility_opportunity
54,content_01118d5030d0,0.92,refresh_review,stale_high_volume
55,content_d85f062b576f,0.92,refresh_review,stale_high_volume
56,content_a3faadb47222,0.92,refresh_review,stale_high_volume
57,content_f89be6a6a437,0.92,refresh_review,stale_high_volume
58,content_8ad4a25c246c,0.92,refresh_review,stale_high_volume
59,content_c5960f5ee86b,0.92,refresh_review,visibility_opportunity
60,content_6ee43d307ca9,0.92,refresh_review,visibility_opportunity
61,content_bb1edbf0ba6c,0.92,refresh_review,stale_high_volume
62,content_384f92a94aee,0.915,refresh_review,stale_high_volume
63,content_76d1deafc71b,0.915,refresh_review,visibility_opportunity
64,content_cd9dbb3c3105,0.915,refresh_review,visibility_opportunity
65,content_85a09b3e3147,0.915,refresh_review,stale_high_volume
66,content_26d48a980581,0.915,refresh_review,visibility_opportunity
67,content_24aafbba8fd5,0.915,refresh_review,visibility_opportunity
68,content_685d3fea9361,0.915,refresh_review,stale_high_volume
69,content_7e1f78c66a44,0.915,refresh_review,visibility_opportunity
70,content_cd5b1dd872c6,0.915,refresh_review,visibility_opportunity
71,content_aefd4fae2c86,0.915,refresh_review,visibility_opportunity
72,content_26cf570cafdc,0.915,refresh_review,visibility_opportunity
73,content_f5b35bbb42fc,0.915,refresh_review,stale_high_volume
74,content_edf5b03b36aa,0.915,refresh_review,visibility_opportunity
75,content_d5eab5842a02,0.91,refresh_review,visibility_opportunity
76,content_483f5d0b409c,0.91,refresh_review,stale_high_volume
77,content_87a786960b75,0.91,refresh_review,stale_high_volume
78,content_422ea7d8363a,0.91,refresh_review,stale_high_volume
79,content_d248f78edf97,0.91,refresh_review,visibility_opportunity
80,content_0b47dae0c7f9,0.91,refresh_review,stale_high_volume
81,content_58f7da7d57fa,0.91,refresh_review,stale_high_volume
82,content_d00de9241a00,0.91,refresh_review,visibility_opportunity
83,content_4949d6107538,0.91,refresh_review,visibility_opportunity
84,content_d96b7987b7c0,0.91,refresh_review,visibility_opportunity
85,content_50e211c8623a,0.91,refresh_review,visibility_opportunity
86,content_5054bb46ebd8,0.905,refresh_review,visibility_opportunity
87,content_2a228ce7aa1b,0.905,refresh_review,visibility_opportunity
88,content_98aa0aecb1d9,0.905,refresh_review,stale_high_volume
89,content_1d2233dc3323,0.905,refresh_review,visibility_opportunity
90,content_079f12e2077e,0.905,refresh_review,visibility_opportunity
91,content_e556e69a70e1,0.905,refresh_review,visibility_opportunity
92,content_8598c37f3792,0.905,refresh_review,visibility_opportunity
93,content_4b7a721bc15c,0.905,refresh_review,visibility_opportunity
94,content_db74537c5636,0.905,refresh_review,visibility_opportunity
95,content_33d256c03be1,0.905,refresh_review,visibility_opportunity
96,content_f55fd2d8ed04,0.905,refresh_review,stale_high_volume
97,content_86fe1bcebbdf,0.905,refresh_review,stale_high_volume
98,content_6b09c696507d,0.905,refresh_review,visibility_opportunity
99,content_50cd61b8e18d,0.905,refresh_review,stale_high_volume
100,content_7422ecda04a6,0.905,refresh_review,visibility_opportunity
101,content_4ea3cf14c32f,0.905,refresh_review,stale_high_volume
102,content_80c75b9d8e8d,0.905,refresh_review,visibility_opportunity
103,content_e15068147154,0.9,refresh_review,visibility_opportunity
104,content_961b69d507a9,0.9,refresh_review,visibility_opportunity
105,content_d10d476fbfa5,0.9,refresh_review,visibility_opportunity
106,content_4dd569ee33c9,0.9,refresh_review,stale_high_volume
107,content_ef98eb44616e,0.9,refresh_review,visibility_opportunity
108,content_32b4e5a2f630,0.9,refresh_review,visibility_opportunity
109,content_560658e4403a,0.9,refresh_review,visibility_opportunity
110,content_f3b795db44b9,0.9,refresh_review,stale_high_volume
111,content_94ff4ec6b6b5,0.9,refresh_review,stale_high_volume
112,content_102d1a1e54a6,0.9,refresh_review,visibility_opportunity
113,content_3164f3076003,0.9,refresh_review,stale_high_volume
114,content_b9b230d52cfa,0.9,refresh_review,stale_high_volume
115,content_2cf2b6554ad0,0.895,refresh_review,visibility_opportunity
116,content_f94c8457d590,0.895,refresh_review,stale_high_volume
117,content_41fff7a1aa8c,0.895,refresh_review,visibility_opportunity
118,content_3672013e1d63,0.895,refresh_review,stale_high_volume
119,content_38b38f76d730,0.895,refresh_review,stale_high_volume
120,content_192329b48d4e,0.895,refresh_review,visibility_opportunity
121,content_f04368f05d48,0.895,refresh_review,stale_high_volume
122,content_3312efa9c080,0.895,refresh_review,stale_high_volume
123,content_c5ac46558df3,0.895,refresh_review,visibility_opportunity
124,content_32febe41dd77,0.895,refresh_review,stale_high_volume
125,content_be26cd27c4fd,0.895,refresh_review,visibility_opportunity
126,content_aea979e1b10c,0.895,refresh_review,visibility_opportunity
127,content_a2bcb8df0fc3,0.895,refresh_review,visibility_opportunity
128,content_6430c384931f,0.895,refresh_review,visibility_opportunity
129,content_424a5517925c,0.895,refresh_review,stale_high_volume
130,content_d03a54ef72a8,0.89,refresh_review,stale_high_volume
131,content_ca8a4b9161eb,0.89,refresh_review,stale_high_volume
132,content_05eb6ae85e0e,0.89,refresh_review,stale_high_volume
133,content_89de5e45f7aa,0.89,refresh_review,stale_high_volume
134,content_0be51c9e6cbd,0.89,refresh_review,visibility_opportunity
135,content_35cc533f1bcb,0.89,refresh_review,visibility_opportunity
136,content_c4432c324dc6,0.89,refresh_review,visibility_opportunity
137,content_b03ea7190aea,0.89,refresh_review,visibility_opportunity
138,content_c5baaa65d5cc,0.89,refresh_review,visibility_opportunity
139,content_9179ef0f9ba0,0.89,refresh_review,visibility_opportunity
140,content_c2dfd56f7149,0.89,refresh_review,stale_high_volume
141,content_b60fd33115df,0.89,refresh_review,stale_high_volume
142,content_3e6ad72596c7,0.89,refresh_review,visibility_opportunity
143,content_586775f69b06,0.89,refresh_review,stale_high_volume
144,content_4fc70e470460,0.89,refresh_review,stale_high_volume
145,content_fefb4fa311f8,0.89,refresh_review,stale_high_volume
146,content_d116df9a2fe0,0.89,refresh_review,visibility_opportunity
147,content_ed65b2e130c6,0.885,refresh_review,visibility_opportunity
148,content_07f7cbf34eef,0.885,refresh_review,visibility_opportunity
149,content_d7e2cf6d586d,0.885,refresh_review,visibility_opportunity
150,content_20150799c3af,0.885,refresh_review,visibility_opportunity
151,content_514356b21e2a,0.885,refresh_review,stale_high_volume
152,content_ab7a3d0acf37,0.885,refresh_review,stale_high_volume
153,content_7b7226ed26a3,0.885,refresh_review,visibility_opportunity
154,content_afbc1b8a8342,0.885,refresh_review,stale_high_volume
155,content_370f162b9110,0.885,refresh_review,stale_high_volume
156,content_66458ac1b739,0.885,refresh_review,visibility_opportunity
157,content_71efc27b02b3,0.885,refresh_review,stale_high_volume
158,content_cb005cbcbcb7,0.885,refresh_review,visibility_opportunity
159,content_2ffa4b556dc3,0.885,refresh_review,stale_high_volume
160,content_2976424d2242,0.885,refresh_review,visibility_opportunity
161,content_b15740b532b8,0.885,refresh_review,stale_high_volume
162,content_0c8cb6bad4a7,0.885,refresh_review,visibility_opportunity
163,content_5888602cf5d2,0.885,refresh_review,visibility_opportunity
164,content_e3c6836b5dda,0.88,refresh_review,stale_high_volume
165,content_c0b4c660ccdb,0.88,refresh_review,stale_high_volume
166,content_f27aa3bffa47,0.88,refresh_review,stale_high_volume
167,content_7e3be2e230f5,0.88,refresh_review,stale_high_volume
168,content_2ba626fea4d6,0.88,refresh_review,stale_high_volume
169,content_a662ef2af9b4,0.88,refresh_review,stale_high_volume
170,content_8f1e292ec874,0.88,refresh_review,visibility_opportunity
171,content_2387677713c3,0.88,refresh_review,visibility_opportunity
172,content_77254cb8bf3f,0.88,refresh_review,visibility_opportunity
173,content_cb372c0a7708,0.88,refresh_review,stale_high_volume
174,content_9d77bda04182,0.88,refresh_review,visibility_opportunity
175,content_0b50482209cd,0.88,refresh_review,visibility_opportunity
176,content_a4f8849b6605,0.88,refresh_review,visibility_opportunity
177,content_347b02848fe9,0.88,refresh_review,stale_high_volume
178,content_745198d8c5fa,0.88,refresh_review,stale_high_volume
179,content_02e42982f154,0.875,refresh_review,visibility_opportunity
180,content_f73c382ac270,0.875,refresh_review,stale_high_volume
181,content_637107baa450,0.875,refresh_review,visibility_opportunity
182,content_790cc62d4743,0.875,refresh_review,stale_high_volume
183,content_c447b66461f8,0.875,refresh_review,visibility_opportunity
184,content_259a0c7bd5bd,0.875,refresh_review,stale_high_volume
185,content_1f7ef289aa97,0.875,refresh_review,visibility_opportunity
186,content_751b59f45bdc,0.875,refresh_review,visibility_opportunity
187,content_cb385644ae55,0.875,refresh_review,visibility_opportunity
188,content_6cfc1dadd083,0.875,refresh_review,visibility_opportunity
189,content_b53fc679e367,0.875,refresh_review,stale_high_volume
190,content_4dbb75eecfdb,0.875,refresh_review,stale_high_volume
191,content_b1012a045720,0.875,refresh_review,visibility_opportunity
192,content_b872486bfd10,0.875,refresh_review,visibility_opportunity
193,content_189586cf1186,0.875,refresh_review,stale_high_volume
194,content_cb2d43abb7f6,0.875,refresh_review,visibility_opportunity
195,content_63eca8253329,0.875,refresh_review,stale_high_volume
196,content_5331ea9e4409,0.875,refresh_review,visibility_opportunity
197,content_78d46bee6efa,0.87,refresh_review,visibility_opportunity
198,content_6975e4ac086e,0.87,refresh_review,visibility_opportunity
199,content_42329a1ee0c7,0.87,refresh_review,visibility_opportunity
200,content_38a1fdd6b0f6,0.87,refresh_review,stale_high_volume
201,content_3574a4e2ec88,0.87,refresh_review,visibility_opportunity
202,content_7acdba4f134c,0.87,refresh_review,visibility_opportunity
203,content_212a1a8a419b,0.87,refresh_review,visibility_opportunity
204,content_afbd7d387b64,0.87,refresh_review,visibility_opportunity
205,content_eeffd7e71d7a,0.87,refresh_review,stale_high_volume
206,content_3ad1d026a173,0.87,refresh_review,stale_high_volume
207,content_51761c4f95a3,0.87,refresh_review,stale_high_volume
208,content_d5e5a318ca7c,0.87,refresh_review,stale_high_volume
209,content_5b1a71c1e749,0.87,refresh_review,stale_high_volume
210,content_f430b0144820,0.87,refresh_review,visibility_opportunity
211,content_f697fc3a64e3,0.87,refresh_review,visibility_opportunity
212,content_e6be4a754962,0.87,refresh_review,visibility_opportunity
213,content_d272557fb582,0.87,refresh_review,visibility_opportunity
214,content_8b12d7eb7b40,0.87,refresh_review,stale_high_volume
215,content_2c5074e067a5,0.87,refresh_review,visibility_opportunity
216,content_b2402d83386a,0.87,refresh_review,visibility_opportunity
217,content_33b25855b6d9,0.87,refresh_review,stale_high_volume
218,content_b50209ec3c8f,0.87,refresh_review,stale_high_volume
219,content_5c7ccee8cd9e,0.87,refresh_review,visibility_opportunity
220,content_fbf920bdfd52,0.865,refresh_review,stale_high_volume
221,content_0951779fa0ca,0.865,refresh_review,visibility_opportunity
222,content_8a12b4649424,0.865,refresh_review,visibility_opportunity
223,content_b08562686d22,0.865,refresh_review,visibility_opportunity
224,content_f6a8bb38f970,0.865,refresh_review,stale_high_volume
225,content_9aad50bc4523,0.865,refresh_review,stale_high_volume
226,content_83784080ee4d,0.865,refresh_review,stale_high_volume
227,content_8c5455c75d43,0.865,refresh_review,stale_high_volume
228,content_2edb6f44e5d4,0.865,refresh_review,stale_high_volume
229,content_dc2d89eb23d3,0.865,refresh_review,stale_high_volume
230,content_41538bdb1b1e,0.865,refresh_review,visibility_opportunity
231,content_823ea9b9b355,0.865,refresh_review,visibility_opportunity
232,content_2c2e7ab15ae6,0.865,refresh_review,stale_high_volume
233,content_05faa240bcc1,0.865,refresh_review,stale_high_volume
234,content_ef634bab0226,0.865,refresh_review,visibility_opportunity
235,content_efa9008475e6,0.865,refresh_review,visibility_opportunity
236,content_547fe06ec900,0.865,refresh_review,visibility_opportunity
237,content_57a3f0ed6641,0.865,refresh_review,stale_high_volume
238,content_b9cad3fb2eb1,0.865,refresh_review,stale_high_volume
239,content_500bd3907331,0.865,refresh_review,stale_high_volume
240,content_2b902ae8c3a1,0.865,refresh_review,visibility_opportunity
241,content_d028d97a0f72,0.865,refresh_review,visibility_opportunity
242,content_0cbc4d4326d5,0.865,refresh_review,stale_high_volume
243,content_c50a1209df88,0.865,refresh_review,stale_high_volume
244,content_ff4370afd49c,0.865,refresh_review,stale_high_volume
245,content_e3bf6539b4ba,0.865,refresh_review,visibility_opportunity
246,content_569475b335ab,0.86,refresh_review,stale_high_volume
247,content_323d0bdf7077,0.86,refresh_review,visibility_opportunity
248,content_b0d9646900d0,0.86,refresh_review,stale_high_volume
249,content_6fd22c53a5e0,0.86,refresh_review,stale_high_volume
250,content_e05eae1d648a,0.86,refresh_review,visibility_opportunity
251,content_10c8915d426e,0.86,refresh_review,stale_high_volume
252,content_829c68e60d13,0.86,refresh_review,visibility_opportunity
253,content_5a431bfcc14f,0.86,refresh_review,visibility_opportunity
254,content_38502cdbf89d,0.86,refresh_review,visibility_opportunity
255,content_d86be00d801c,0.86,refresh_review,visibility_opportunity
256,content_8ac7c6a503d5,0.86,refresh_review,stale_high_volume
257,content_0e1baeb3ecca,0.86,refresh_review,stale_high_volume
258,content_67095eb7f5de,0.86,refresh_review,visibility_opportunity
259,content_e0453ee0769a,0.86,refresh_review,stale_high_volume
260,content_270b12878a60,0.86,refresh_review,stale_high_volume
261,content_42fbb334788f,0.86,refresh_review,visibility_opportunity
262,content_af327fd6f760,0.86,refresh_review,stale_high_volume
263,content_5d926837293e,0.86,refresh_review,visibility_opportunity
264,content_95d32ff9e7ae,0.86,refresh_review,stale_high_volume
265,content_adbb688a2223,0.86,refresh_review,stale_high_volume
266,content_cd050ee10f95,0.86,refresh_review,visibility_opportunity
267,content_8179b32b194b,0.86,refresh_review,stale_high_volume
268,content_c31c3add99f4,0.86,refresh_review,stale_high_volume
269,content_93aaf9dc4672,0.86,refresh_review,stale_high_volume
270,content_643b51c0a848,0.86,refresh_review,visibility_opportunity
271,content_37bb865c7f2f,0.86,refresh_review,visibility_opportunity
272,content_fa58e2744bd4,0.86,refresh_review,stale_high_volume
273,content_63d78f63087f,0.855,refresh_review,stale_high_volume
274,content_def60a67e307,0.855,refresh_review,stale_high_volume
275,content_142a53c529dc,0.855,refresh_review,visibility_opportunity
276,content_a86137c029a4,0.855,refresh_review,stale_high_volume
277,content_64716cd1e961,0.855,refresh_review,stale_high_volume
278,content_15573a52b6e7,0.855,refresh_review,visibility_opportunity
279,content_ce431e33ceeb,0.855,refresh_review,stale_high_volume
280,content_96963b462656,0.855,refresh_review,stale_high_volume
281,content_57e4f4fdb677,0.855,refresh_review,visibility_opportunity
282,content_754f60740fb5,0.855,refresh_review,stale_high_volume
283,content_b5e9e6453511,0.855,refresh_review,visibility_opportunity
284,content_cdf12b9d21e0,0.855,refresh_review,stale_high_volume
285,content_bb55d0dab9d9,0.855,refresh_review,visibility_opportunity
286,content_0a9514b81475,0.855,refresh_review,visibility_opportunity
287,content_6b91347ea965,0.855,refresh_review,stale_high_volume
288,content_be9b91f81ef5,0.855,refresh_review,stale_high_volume
289,content_fe38dbdb4508,0.855,refresh_review,stale_high_volume
290,content_5e0686a500c2,0.855,refresh_review,visibility_opportunity
291,content_eebf0c818dea,0.855,refresh_review,stale_high_volume
292,content_4c17a0b47c68,0.855,refresh_review,stale_high_volume
293,content_78555c97f084,0.855,refresh_review,stale_high_volume
294,content_8301ec0f2f68,0.855,refresh_review,stale_high_volume
295,content_73ee00dad7f8,0.85,refresh_review,visibility_opportunity
296,content_f9673e9241fd,0.85,refresh_review,stale_high_volume
297,content_71db03c4c974,0.85,refresh_review,visibility_opportunity
298,content_1c58b8669a5d,0.85,refresh_review,visibility_opportunity
299,content_ccf887ee3581,0.85,refresh_review,stale_high_volume
300,content_e1aacafc8b8c,0.85,refresh_review,visibility_opportunity
301,content_2388ea11be57,0.85,refresh_review,stale_high_volume
302,content_35cfc6ab36a0,0.85,refresh_review,stale_high_volume
303,content_aa2c05aee8a3,0.85,refresh_review,visibility_opportunity
304,content_122dc46282c0,0.85,refresh_review,stale_high_volume
305,content_b84cb2300d9d,0.85,refresh_review,visibility_opportunity
306,content_6607847e4454,0.85,refresh_review,stale_high_volume
307,content_a4dc39c5f8f9,0.85,refresh_review,visibility_opportunity
308,content_85925d6c92b8,0.85,refresh_review,visibility_opportunity
309,content_3e95d15844b7,0.85,refresh_review,stale_high_volume
310,content_e1187a069e61,0.85,refresh_review,stale_high_volume
311,content_7be5f150dc65,0.85,refresh_review,visibility_opportunity
312,content_d239687e2c85,0.85,refresh_review,stale_high_volume
313,content_07211ca13e10,0.85,refresh_review,stale_high_volume
314,content_268910e38131,0.85,refresh_review,stale_high_volume
315,content_800619815f32,0.85,refresh_review,stale_high_volume
316,content_111c744b39f7,0.85,refresh_review,visibility_opportunity
317,content_e3f1b3d4d99a,0.85,refresh_review,visibility_opportunity
318,content_13ca6c99ef66,0.85,refresh_review,visibility_opportunity
319,content_56554b7e77eb,0.85,refresh_review,visibility_opportunity
320,content_57cbd255c670,0.845,refresh_review,visibility_opportunity
321,content_33adb9b7c91d,0.845,refresh_review,visibility_opportunity
322,content_96edab39e5fb,0.845,refresh_review,visibility_opportunity
323,content_9741e2f85933,0.845,refresh_review,visibility_opportunity
324,content_c773390751fd,0.845,refresh_review,stale_high_volume
325,content_e60f0fceb3db,0.845,refresh_review,visibility_opportunity
326,content_32f3f365f9d5,0.845,refresh_review,stale_high_volume
327,content_ee139093527c,0.845,refresh_review,stale_high_volume
328,content_458038cfbf7c,0.845,refresh_review,stale_high_volume
329,content_6aa31bd1dc5e,0.845,refresh_review,visibility_opportunity
330,content_846bb4dd8b44,0.845,refresh_review,stale_high_volume
331,content_982cccc7ce1d,0.845,refresh_review,stale_high_volume
332,content_1044412fa6de,0.845,refresh_review,visibility_opportunity
333,content_d80db987509f,0.845,refresh_review,stale_high_volume
334,content_ced89f55ca12,0.845,refresh_review,visibility_opportunity
335,content_ef81d5fcdf1d,0.845,refresh_review,visibility_opportunity
336,content_946fbf519eb7,0.845,refresh_review,visibility_opportunity
337,content_3d758391f2d4,0.845,refresh_review,visibility_opportunity
338,content_8a4f4f22c861,0.845,refresh_review,stale_high_volume
339,content_d10b8ea1be67,0.845,refresh_review,visibility_opportunity
340,content_451118cef0ac,0.845,refresh_review,stale_high_volume
341,content_56549ff59b51,0.845,refresh_review,visibility_opportunity
342,content_f13a486a08f2,0.845,refresh_review,stale_high_volume
343,content_b8a7d1626856,0.845,refresh_review,stale_high_volume
344,content_33a9399fb0ae,0.845,refresh_review,visibility_opportunity
345,content_3bed5e7f1d0f,0.845,refresh_review,visibility_opportunity
346,content_0c7ff518816e,0.845,refresh_review,stale_high_volume
347,content_d73b842a64e6,0.845,refresh_review,visibility_opportunity
348,content_dd4364510947,0.845,refresh_review,visibility_opportunity
349,content_1956a8699d64,0.845,refresh_review,visibility_opportunity
350,content_6a9cd9678ddf,0.845,refresh_review,stale_high_volume
351,content_ad5347f06460,0.845,refresh_review,stale_high_volume
352,content_7a6746b30eee,0.84,refresh_review,visibility_opportunity
353,content_72a51b4538b7,0.84,refresh_review,visibility_opportunity
354,content_3d6236696109,0.84,refresh_review,visibility_opportunity
355,content_53d444b9e788,0.84,refresh_review,stale_high_volume
356,content_b84a5df88090,0.84,refresh_review,visibility_opportunity
357,content_300c70929b3f,0.84,refresh_review,visibility_opportunity
358,content_65d2cecfb022,0.84,refresh_review,visibility_opportunity
359,content_37e3e5682728,0.84,refresh_review,stale_high_volume
360,content_9ef5d2b775b8,0.84,refresh_review,visibility_opportunity
361,content_f69e3936c5ca,0.84,refresh_review,visibility_opportunity
362,content_8c5405b0ce59,0.84,refresh_review,visibility_opportunity
363,content_81daf6da2ed4,0.84,refresh_review,stale_high_volume
364,content_2eb047841032,0.84,refresh_review,stale_high_volume
365,content_8ba922f82ace,0.84,refresh_review,stale_high_volume
366,content_e2a573f2180b,0.84,refresh_review,stale_high_volume
367,content_8059c0222f8d,0.84,refresh_review,visibility_opportunity
368,content_454ad2864776,0.84,refresh_review,visibility_opportunity
369,content_c40391b61a4e,0.84,refresh_review,stale_high_volume
370,content_cebd12c46707,0.84,refresh_review,visibility_opportunity
371,content_8958ba0e63fc,0.84,refresh_review,visibility_opportunity
372,content_a7da3b5b03ed,0.84,refresh_review,stale_high_volume
373,content_6596b1355bab,0.84,refresh_review,stale_high_volume
374,content_238cdd85cbc9,0.84,refresh_review,visibility_opportunity
375,content_f155a0aa9e9e,0.84,refresh_review,visibility_opportunity
376,content_aeac86cce60d,0.84,refresh_review,visibility_opportunity
377,content_a86f00a2e0ce,0.84,refresh_review,stale_high_volume
378,content_f126b11258e3,0.84,refresh_review,visibility_opportunity
379,content_3023680512a5,0.84,refresh_review,visibility_opportunity
380,content_02500296ad9a,0.84,refresh_review,visibility_opportunity
381,content_eb58f272b967,0.84,refresh_review,visibility_opportunity
382,content_3b8aad044ee2,0.835,refresh_review,stale_high_volume
383,content_edf503934290,0.835,refresh_review,stale_high_volume
384,content_bcc95460460e,0.835,refresh_review,stale_high_volume
385,content_50b705edfd99,0.835,refresh_review,stale_high_volume
386,content_c4b138c22942,0.835,refresh_review,visibility_opportunity
387,content_459756cca996,0.835,refresh_review,visibility_opportunity
388,content_7766ffacdcfa,0.835,refresh_review,stale_high_volume
389,content_3395aba722a2,0.835,refresh_review,visibility_opportunity
390,content_25f3df513e2e,0.835,refresh_review,visibility_opportunity
391,content_461eb9f35e52,0.835,refresh_review,stale_high_volume
392,content_3535b372cd43,0.835,refresh_review,visibility_opportunity
393,content_ab5e9e3a0a8f,0.835,refresh_review,visibility_opportunity
394,content_039787762f67,0.835,refresh_review,visibility_opportunity
395,content_700de55b1459,0.835,refresh_review,stale_high_volume
396,content_41eb625c4aca,0.835,refresh_review,visibility_opportunity
397,content_70df0e029635,0.835,refresh_review,visibility_opportunity
398,content_e26959d7dd4b,0.835,refresh_review,visibility_opportunity
399,content_8d3d36fb50bb,0.835,refresh_review,visibility_opportunity
400,content_77cef913977c,0.835,refresh_review,stale_high_volume
401,content_0fe2b5eda5c5,0.835,refresh_review,visibility_opportunity
402,content_ea03fc0ede4f,0.835,refresh_review,stale_high_volume
403,content_a52671f20358,0.835,refresh_review,visibility_opportunity
404,content_b3064bf4f105,0.835,refresh_review,visibility_opportunity
405,content_a0f2c6f4145c,0.835,refresh_review,stale_high_volume
406,content_dbf29df094f9,0.835,refresh_review,stale_high_volume
407,content_037e2942d68b,0.835,refresh_review,visibility_opportunity
408,content_6e890a4cc9f9,0.835,refresh_review,visibility_opportunity
409,content_760b931d5f22,0.835,refresh_review,visibility_opportunity
410,content_0afe3d55f4dc,0.835,refresh_review,stale_high_volume
411,content_b7fa2d76e5ae,0.835,refresh_review,stale_high_volume
412,content_3aa51c5df66b,0.83,refresh_review,stale_high_volume
413,content_f8d20d27773f,0.83,refresh_review,stale_high_volume
414,content_56afb8453fdd,0.83,refresh_review,visibility_opportunity
415,content_abef99f293a8,0.83,refresh_review,visibility_opportunity
416,content_6677fd6c4ea5,0.83,refresh_review,stale_high_volume
417,content_5c4c5c953552,0.83,refresh_review,visibility_opportunity
418,content_6fe71b8e8e19,0.83,refresh_review,visibility_opportunity
419,content_de79be03fa06,0.83,refresh_review,stale_high_volume
420,content_6e169e224b2e,0.83,refresh_review,visibility_opportunity
421,content_da33a53074bd,0.83,refresh_review,stale_high_volume
422,content_287466584c52,0.83,refresh_review,stale_high_volume
423,content_ff4dac7dd334,0.83,refresh_review,stale_high_volume
424,content_b925c292d21b,0.83,refresh_review,visibility_opportunity
425,content_a6ca34ee4c5e,0.83,refresh_review,stale_high_volume
426,content_36dd471dc460,0.83,refresh_review,stale_high_volume
427,content_04f99090dc2c,0.83,refresh_review,visibility_opportunity
428,content_5ed1aa17875a,0.83,refresh_review,visibility_opportunity
429,content_a2d394e98056,0.83,refresh_review,stale_high_volume
430,content_1c2a062b2721,0.83,refresh_review,visibility_opportunity
431,content_0f256e5b0b88,0.83,refresh_review,stale_high_volume
432,content_79523354f68c,0.83,refresh_review,visibility_opportunity
433,content_769a421d4a73,0.83,refresh_review,stale_high_volume
434,content_4ead9ab22a4a,0.83,refresh_review,stale_high_volume
435,content_5e2d7ea6844d,0.83,refresh_review,visibility_opportunity
436,content_ecfbe983a886,0.83,refresh_review,visibility_opportunity
437,content_27a9abf3684f,0.83,refresh_review,visibility_opportunity
438,content_3def2ad70050,0.83,refresh_review,visibility_opportunity
439,content_639b9e356f82,0.83,refresh_review,visibility_opportunity
440,content_72c5c2d73e5a,0.83,refresh_review,stale_high_volume
441,content_3f70f3b5b744,0.83,refresh_review,visibility_opportunity
442,content_45a8b74d4be2,0.83,refresh_review,stale_high_volume
443,content_c94a53e3bfb8,0.83,refresh_review,visibility_opportunity
444,content_1bdbccd74939,0.83,refresh_review,visibility_opportunity
445,content_e4986c40c63f,0.825,refresh_review,stale_high_volume
446,content_355c44a1ed2c,0.825,refresh_review,stale_high_volume
447,content_fa81397b5422,0.825,refresh_review,stale_high_volume
448,content_b45f91ebc732,0.825,refresh_review,stale_high_volume
449,content_4dc2c9e3f748,0.825,refresh_review,stale_high_volume
450,content_711c23a1d649,0.825,refresh_review,visibility_opportunity
451,content_be5e23c0a35e,0.825,refresh_review,visibility_opportunity
452,content_e960cb635370,0.825,refresh_review,visibility_opportunity
453,content_ef6e7d7cfe15,0.825,refresh_review,stale_high_volume
454,content_557976e65608,0.825,refresh_review,visibility_opportunity
455,content_1664ee5ccac8,0.825,refresh_review,visibility_opportunity
456,content_509798594bbf,0.825,refresh_review,visibility_opportunity
457,content_e3661ab45857,0.825,refresh_review,visibility_opportunity
458,content_5ce1a9d3e4d7,0.825,refresh_review,visibility_opportunity
459,content_d9786af0ac7b,0.825,refresh_review,visibility_opportunity
460,content_dda15944f84f,0.825,refresh_review,stale_high_volume
461,content_13f687a89060,0.825,refresh_review,visibility_opportunity
462,content_c6d2559083f2,0.825,refresh_review,visibility_opportunity
463,content_6ca73c6b0d9c,0.825,refresh_review,stale_high_volume
464,content_45819ccc9554,0.825,refresh_review,stale_high_volume
465,content_e781d4b27fe0,0.825,refresh_review,visibility_opportunity
466,content_5004abcf4b61,0.825,refresh_review,visibility_opportunity
467,content_e8be66dc64da,0.825,refresh_review,visibility_opportunity
468,content_8c45c0cbe25e,0.825,refresh_review,visibility_opportunity
469,content_392a75698fc5,0.825,refresh_review,stale_high_volume
470,content_127a10fafeb9,0.825,refresh_review,visibility_opportunity
471,content_a9179e974712,0.825,refresh_review,visibility_opportunity
472,content_be497fa14ced,0.82,refresh_review,visibility_opportunity
473,content_d7038fa9919c,0.82,refresh_review,visibility_opportunity
474,content_210e39dc2bb5,0.82,refresh_review,stale_high_volume
475,content_207fe9e3ad65,0.82,refresh_review,visibility_opportunity
476,content_d800cce05023,0.82,refresh_review,stale_high_volume
477,content_f831e08634d5,0.82,refresh_review,visibility_opportunity
478,content_5b427a81c0b2,0.82,refresh_review,visibility_opportunity
479,content_728e37c5c417,0.82,refresh_review,visibility_opportunity
480,content_7fa850f004ea,0.82,refresh_review,visibility_opportunity
481,content_271062e724db,0.82,refresh_review,visibility_opportunity
482,content_68742c70d0fa,0.82,refresh_review,visibility_opportunity
483,content_d937c87e41e7,0.82,refresh_review,visibility_opportunity
484,content_6bada6a81afb,0.82,refresh_review,visibility_opportunity
485,content_2fca178eb6f6,0.82,refresh_review,stale_high_volume
486,content_c148e44db30d,0.82,refresh_review,stale_high_volume
487,content_29ffa7b58884,0.82,refresh_review,stale_high_volume
488,content_c55f5b73d663,0.82,refresh_review,stale_high_volume
489,content_25ca73944527,0.82,refresh_review,visibility_opportunity
490,content_c3ddd2a3a284,0.82,refresh_review,stale_high_volume
491,content_03d074e8f486,0.82,refresh_review,visibility_opportunity
492,content_3b6c23dcf568,0.82,refresh_review,stale_high_volume
493,content_15e0e6081fe9,0.82,refresh_review,visibility_opportunity
494,content_c65ee459f729,0.82,refresh_review,visibility_opportunity
495,content_ec2de6e5b2c9,0.82,refresh_review,stale_high_volume
496,content_7ad5e4fd6c85,0.82,refresh_review,visibility_opportunity
497,content_962360eab780,0.82,refresh_review,stale_high_volume
498,content_670746e86425,0.82,refresh_review,stale_high_volume
499,content_372449a18879,0.815,refresh_review,stale_high_volume
500,content_e3393b0b5359,0.815,refresh_review,stale_high_volume
501,content_d6ce4e17f464,0.815,refresh_review,visibility_opportunity
502,content_403c76bb83b4,0.815,refresh_review,stale_high_volume
503,content_054dada48c93,0.815,refresh_review,visibility_opportunity
504,content_204b729683f6,0.815,refresh_review,visibility_opportunity
505,content_783121d01890,0.815,refresh_review,visibility_opportunity
506,content_7c3eb1c41f29,0.815,refresh_review,visibility_opportunity
507,content_ce9d0e4e4dd2,0.815,refresh_review,stale_high_volume
508,content_2bb1cc3be229,0.815,refresh_review,stale_high_volume
509,content_093761113c66,0.815,refresh_review,stale_high_volume
510,content_5585a0e7089c,0.815,refresh_review,visibility_opportunity
511,content_73d19517bd77,0.815,refresh_review,stale_high_volume
512,content_d9a1fd095a7f,0.815,refresh_review,visibility_opportunity
513,content_ce619d00628d,0.815,refresh_review,visibility_opportunity
514,content_27cf7d733c61,0.815,refresh_review,stale_high_volume
515,content_fbbacf50108d,0.815,refresh_review,stale_high_volume
516,content_de050828e96a,0.815,refresh_review,visibility_opportunity
517,content_0cb3ff1535cc,0.815,refresh_review,visibility_opportunity
518,content_70e91ffda1ce,0.815,refresh_review,visibility_opportunity
519,content_cf01d88fa7e3,0.815,refresh_review,stale_high_volume
520,content_7c0142ac3194,0.815,refresh_review,visibility_opportunity
521,content_9be18970d557,0.81,refresh_review,stale_high_volume
522,content_0ba155fc6151,0.81,refresh_review,stale_high_volume
523,content_eea87ba6f315,0.81,refresh_review,stale_high_volume
524,content_7a8a0681fd1c,0.81,refresh_review,visibility_opportunity
525,content_57efee64224c,0.81,refresh_review,visibility_opportunity
526,content_42cb3441f18d,0.81,refresh_review,stale_high_volume
527,content_272dc2b8320d,0.81,refresh_review,stale_high_volume
528,content_60f4c329e5e7,0.81,refresh_review,visibility_opportunity
529,content_e1c02e161be4,0.81,refresh_review,visibility_opportunity
530,content_cf5a10fe2674,0.81,refresh_review,visibility_opportunity
531,content_8b08ec7fc725,0.81,refresh_review,stale_high_volume
532,content_31083b832aa0,0.81,refresh_review,visibility_opportunity
533,content_d70f12056122,0.81,refresh_review,stale_high_volume
534,content_0d7f4fecb391,0.81,refresh_review,stale_high_volume
535,content_7f145740b240,0.81,refresh_review,visibility_opportunity
536,content_3e460b87cff0,0.81,refresh_review,stale_high_volume
537,content_07d062db2b51,0.81,refresh_review,visibility_opportunity
538,content_27c2ca193308,0.81,refresh_review,visibility_opportunity
539,content_dea0d86223f3,0.81,refresh_review,visibility_opportunity
540,content_90f354aa255e,0.81,refresh_review,visibility_opportunity
541,content_faaf1b1e4d65,0.81,refresh_review,visibility_opportunity
542,content_a7371a4c1b1e,0.81,refresh_review,visibility_opportunity
543,content_7f89928335ae,0.805,refresh_review,visibility_opportunity
544,content_31e9e68e79fd,0.805,refresh_review,visibility_opportunity
545,content_19350c591ec3,0.805,refresh_review,stale_high_volume
546,content_24706e54a64c,0.805,refresh_review,visibility_opportunity
547,content_f563c3e6ea5d,0.805,refresh_review,visibility_opportunity
548,content_ca6011795338,0.805,refresh_review,stale_high_volume
549,content_dbb4c75afccc,0.805,refresh_review,stale_high_volume
550,content_d4084a4bc775,0.805,refresh_review,visibility_opportunity
551,content_8883df6fc98b,0.805,refresh_review,stale_high_volume
552,content_1aae7c2983fc,0.805,refresh_review,stale_high_volume
553,content_5a8842185314,0.805,refresh_review,visibility_opportunity
554,content_d7a422362fe5,0.805,refresh_review,visibility_opportunity
555,content_a0777b0fd936,0.805,refresh_review,visibility_opportunity
556,content_ba43e8a32bb4,0.805,refresh_review,visibility_opportunity
557,content_17a540c99ba9,0.805,refresh_review,visibility_opportunity
558,content_9501202d135f,0.805,refresh_review,stale_high_volume
559,content_a13924fb5eb3,0.805,refresh_review,stale_high_volume
560,content_c53fd87a2fa6,0.805,refresh_review,visibility_opportunity
561,content_412f4cf7d443,0.805,refresh_review,visibility_opportunity
562,content_8fc05eff4a33,0.805,refresh_review,visibility_opportunity
563,content_d9904723962e,0.805,refresh_review,stale_high_volume
564,content_b23d650634c6,0.805,refresh_review,visibility_opportunity
565,content_a192435b13b6,0.805,refresh_review,stale_high_volume
566,content_7476a5fabd21,0.805,refresh_review,visibility_opportunity
567,content_1464ee2714b9,0.805,refresh_review,visibility_opportunity
568,content_29851de826f8,0.805,refresh_review,stale_high_volume
569,content_bbb71bc9d167,0.805,refresh_review,visibility_opportunity
570,content_20ee9a01718a,0.8,refresh_review,visibility_opportunity
571,content_fd1a1fa2723e,0.8,refresh_review,visibility_opportunity
572,content_fb5d45e07ce9,0.8,refresh_review,visibility_opportunity
573,content_6c2b2766da47,0.8,refresh_review,visibility_opportunity
574,content_3fb46bec4413,0.8,refresh_review,stale_high_volume
575,content_f924f7e00676,0.8,refresh_review,stale_high_volume
576,content_530cf22df65f,0.8,refresh_review,stale_high_volume
577,content_fcfb13df26bf,0.8,refresh_review,stale_high_volume
578,content_997d693ed750,0.8,refresh_review,stale_high_volume
579,content_dffc120c63ef,0.8,refresh_review,visibility_opportunity
580,content_4a078332f41c,0.8,refresh_review,visibility_opportunity
581,content_c26a63209e39,0.8,refresh_review,visibility_opportunity
582,content_65e4c2bf0531,0.8,refresh_review,visibility_opportunity
583,content_769c5991e2f6,0.8,refresh_review,visibility_opportunity
584,content_0bd63ac7a76b,0.8,refresh_review,stale_high_volume
585,content_9e8671965fff,0.8,refresh_review,visibility_opportunity
586,content_1a94ef5145c2,0.8,refresh_review,visibility_opportunity
587,content_d37aa2b14cff,0.8,refresh_review,visibility_opportunity
588,content_f1fa2456380b,0.8,refresh_review,visibility_opportunity
589,content_6a7903666575,0.8,refresh_review,visibility_opportunity
590,content_f161f19bbead,0.8,refresh_review,stale_high_volume
591,content_c9fff7c4660c,0.8,refresh_review,visibility_opportunity
592,content_cc088a55deca,0.8,refresh_review,stale_high_volume
593,content_8a1c4eac8445,0.8,refresh_review,visibility_opportunity
594,content_4f32a470ea32,0.8,refresh_review,stale_high_volume
595,content_182d82aeca03,0.8,refresh_review,visibility_opportunity
596,content_311f7c91e190,0.8,refresh_review,stale_high_volume
597,content_99d0844356a5,0.8,refresh_review,visibility_opportunity
598,content_f35e5543135b,0.8,refresh_review,stale_high_volume
599,content_5283511a58e4,0.8,refresh_review,stale_high_volume
600,content_79c69e2acb33,0.8,refresh_review,visibility_opportunity
601,content_d07b48eddaf5,0.8,refresh_review,visibility_opportunity
602,content_a7c7232f428c,0.8,refresh_review,visibility_opportunity
603,content_6895e9b8a03d,0.8,refresh_review,visibility_opportunity
604,content_36af8e7cf843,0.8,refresh_review,stale_high_volume
605,content_e6b24e3d2e0c,0.795,refresh_review,visibility_opportunity
606,content_fb79d33c4d8a,0.795,refresh_review,visibility_opportunity
607,content_939cc377166b,0.795,refresh_review,visibility_opportunity
608,content_fe8a79d80cfb,0.795,refresh_review,visibility_opportunity
609,content_b2ba04fe6f20,0.795,refresh_review,stale_high_volume
610,content_8eb07931444b,0.795,refresh_review,stale_high_volume
611,content_d2af61ee2a92,0.795,refresh_review,stale_high_volume
612,content_90d5f9ecb7a9,0.795,refresh_review,stale_high_volume
613,content_724a2783045d,0.795,refresh_review,stale_high_volume
614,content_7172c0b0a2d3,0.795,refresh_review,stale_high_volume
615,content_d56f7f74c15c,0.795,refresh_review,visibility_opportunity
616,content_e377739a982d,0.795,refresh_review,visibility_opportunity
617,content_3fbab2102eb5,0.795,refresh_review,visibility_opportunity
618,content_62653d10cc38,0.795,refresh_review,visibility_opportunity
619,content_0e22f3e72c38,0.795,refresh_review,visibility_opportunity
620,content_6202c6261f49,0.795,refresh_review,visibility_opportunity
621,content_72f65ab80b1d,0.795,refresh_review,visibility_opportunity
622,content_dedca16a6aa5,0.795,refresh_review,visibility_opportunity
623,content_c5a22862db5f,0.795,refresh_review,stale_high_volume
624,content_f4c08de09860,0.795,refresh_review,visibility_opportunity
625,content_1ac5bfdf2cda,0.795,refresh_review,visibility_opportunity
626,content_197a5b1ed096,0.795,refresh_review,visibility_opportunity
627,content_ab021a40c0da,0.795,refresh_review,visibility_opportunity
628,content_585479f94fe1,0.795,refresh_review,visibility_opportunity
629,content_47808e2c16d4,0.795,refresh_review,visibility_opportunity
630,content_06b02c9b01a1,0.795,refresh_review,visibility_opportunity
631,content_fad84659065c,0.795,refresh_review,visibility_opportunity
632,content_0748fbd11749,0.795,refresh_review,stale_high_volume
633,content_38c564400f65,0.795,refresh_review,stale_high_volume
634,content_53a79adb64de,0.79,refresh_review,visibility_opportunity
635,content_8bacb003a1aa,0.79,refresh_review,visibility_opportunity
636,content_e567de46b47d,0.79,refresh_review,visibility_opportunity
637,content_0e52d032d7f7,0.79,refresh_review,stale_high_volume
638,content_4f605060a428,0.79,refresh_review,stale_high_volume
639,content_e54f6d06e493,0.79,refresh_review,visibility_opportunity
640,content_e8f2b01c3603,0.79,refresh_review,visibility_opportunity
641,content_69b845b4ecce,0.79,refresh_review,visibility_opportunity
642,content_f8b232498008,0.79,refresh_review,visibility_opportunity
643,content_2692ad4b0ec3,0.79,refresh_review,stale_high_volume
644,content_dd2be2fff168,0.79,refresh_review,visibility_opportunity
645,content_8af12b14fe26,0.79,refresh_review,stale_high_volume
646,content_87c007fb5c26,0.79,refresh_review,visibility_opportunity
647,content_76a83cc7b31b,0.79,refresh_review,stale_high_volume
648,content_9edc3c235345,0.79,refresh_review,stale_high_volume
649,content_84eb19a79c66,0.79,refresh_review,visibility_opportunity
650,content_983bb4d02103,0.79,refresh_review,visibility_opportunity
651,content_a755d2ee76e5,0.79,refresh_review,visibility_opportunity
652,content_6e1632efb058,0.79,refresh_review,visibility_opportunity
653,content_2278af03fbbf,0.79,refresh_review,stale_high_volume
654,content_e80f8635bb00,0.79,refresh_review,visibility_opportunity
655,content_c6254a2cbb2d,0.79,refresh_review,visibility_opportunity
656,content_ef324be709a5,0.79,refresh_review,visibility_opportunity
657,content_ccf99cdad6d1,0.79,refresh_review,stale_high_volume
658,content_793b7376a0e5,0.79,refresh_review,visibility_opportunity
659,content_312de493d381,0.79,refresh_review,visibility_opportunity
660,content_8d7c1d704b43,0.79,refresh_review,visibility_opportunity
661,content_ec257d803f69,0.79,refresh_review,stale_high_volume
662,content_b2f8a505c3ea,0.79,refresh_review,visibility_opportunity
663,content_9234f5075e7a,0.79,refresh_review,visibility_opportunity
664,content_08975e718b6d,0.79,refresh_review,visibility_opportunity
665,content_b88c6b220b23,0.79,refresh_review,stale_high_volume
666,content_80f3efc9498b,0.79,refresh_review,visibility_opportunity
667,content_02ab208bfb70,0.79,refresh_review,visibility_opportunity
668,content_f6c47059137f,0.79,refresh_review,visibility_opportunity
669,content_951b4e420191,0.79,refresh_review,visibility_opportunity
670,content_87cbed1ec54a,0.79,refresh_review,stale_high_volume
671,content_cff6fa6c172f,0.79,refresh_review,visibility_opportunity
672,content_1cafff54ead7,0.79,refresh_review,visibility_opportunity
673,content_2a04fe3892bc,0.79,refresh_review,stale_high_volume
674,content_aeb3c0da92cc,0.79,refresh_review,stale_high_volume
675,content_58cc82052f11,0.785,refresh_review,stale_high_volume
676,content_addafe3df89b,0.785,refresh_review,visibility_opportunity
677,content_3ff02328d611,0.785,refresh_review,stale_high_volume
678,content_51d04bff6a5e,0.785,refresh_review,stale_high_volume
679,content_a5a2fbc76336,0.785,refresh_review,stale_high_volume
680,content_3360183fec42,0.785,refresh_review,visibility_opportunity
681,content_566a83993169,0.785,refresh_review,stale_high_volume
682,content_f11ab248c753,0.785,refresh_review,visibility_opportunity
683,content_429bcfe171c3,0.785,refresh_review,visibility_opportunity
684,content_9bbf99b4dc21,0.785,refresh_review,visibility_opportunity
685,content_1938955b34c4,0.785,refresh_review,visibility_opportunity
686,content_d6f685c3637e,0.785,refresh_review,visibility_opportunity
687,content_c1fef945a63f,0.785,refresh_review,stale_high_volume
688,content_bcaa614da3ad,0.785,refresh_review,visibility_opportunity
689,content_475cb3299049,0.785,refresh_review,visibility_opportunity
690,content_816d77e36e14,0.785,refresh_review,stale_high_volume
691,content_82800baa94be,0.785,refresh_review,visibility_opportunity
692,content_d84a04fb1ebf,0.785,refresh_review,stale_high_volume
693,content_e0f8002cd9c8,0.785,refresh_review,stale_high_volume
694,content_1b27d2642fda,0.785,refresh_review,stale_high_volume
695,content_916773a56f03,0.785,refresh_review,visibility_opportunity
696,content_f696d77c96fd,0.785,refresh_review,visibility_opportunity
697,content_d46faabb95cd,0.785,refresh_review,stale_high_volume
698,content_092df0c6afc7,0.785,refresh_review,stale_high_volume
699,content_e8a468328f1a,0.785,refresh_review,visibility_opportunity
700,content_d79526b7eb95,0.785,refresh_review,stale_high_volume
701,content_4101fc919060,0.785,refresh_review,stale_high_volume
702,content_864a2769ac81,0.78,refresh_review,visibility_opportunity
703,content_1980254ef582,0.78,refresh_review,visibility_opportunity
704,content_e6c0c4e9ae59,0.78,refresh_review,visibility_opportunity
705,content_d647466fe9f5,0.78,refresh_review,stale_high_volume
706,content_0e3323cce5c4,0.78,refresh_review,visibility_opportunity
707,content_6b5fb4940974,0.78,refresh_review,visibility_opportunity
708,content_41f4a056d61c,0.78,refresh_review,visibility_opportunity
709,content_dbb4dd20653e,0.78,refresh_review,visibility_opportunity
710,content_a08589de571d,0.78,refresh_review,stale_high_volume
711,content_14f5c86b0571,0.78,refresh_review,visibility_opportunity
712,content_08366e95bd39,0.78,refresh_review,visibility_opportunity
713,content_aec843213e41,0.78,refresh_review,visibility_opportunity
714,content_67565df5500c,0.78,refresh_review,visibility_opportunity
715,content_515f11d36816,0.78,refresh_review,visibility_opportunity
716,content_ee2d5b08d99c,0.78,refresh_review,visibility_opportunity
717,content_7efb00396cfd,0.78,refresh_review,stale_high_volume
718,content_3b36899453fe,0.78,refresh_review,stale_high_volume
719,content_f3eea9f91fcd,0.78,refresh_review,visibility_opportunity
720,content_054b2d512690,0.78,refresh_review,visibility_opportunity
721,content_2d02324d2b0c,0.78,refresh_review,visibility_opportunity
722,content_843f4dd5213f,0.78,refresh_review,stale_high_volume
723,content_bd55a3c4881b,0.78,refresh_review,stale_high_volume
724,content_0a9276b27b32,0.78,refresh_review,visibility_opportunity
725,content_2e43f59c050d,0.78,refresh_review,visibility_opportunity
726,content_c24d2ebc3816,0.78,refresh_review,visibility_opportunity
727,content_c3a415aefc2d,0.78,refresh_review,stale_high_volume
728,content_43cee7a2e67e,0.78,refresh_review,visibility_opportunity
729,content_29f12ac3ad53,0.78,refresh_review,stale_high_volume
730,content_98c954aa0d49,0.775,refresh_review,visibility_opportunity
731,content_a2ea3d443492,0.775,refresh_review,visibility_opportunity
732,content_3a9fa1b4e069,0.775,refresh_review,stale_high_volume
733,content_32a5eb93b4bc,0.775,refresh_review,visibility_opportunity
734,content_8173b7415aff,0.775,refresh_review,stale_high_volume
735,content_e0cd6eaa019e,0.775,refresh_review,stale_high_volume
736,content_8161f4ec6442,0.775,refresh_review,stale_high_volume
737,content_3f5848968591,0.775,refresh_review,visibility_opportunity
738,content_33ff51dd343d,0.775,refresh_review,visibility_opportunity
739,content_4d39953789dd,0.775,refresh_review,visibility_opportunity
740,content_84f914748acc,0.775,refresh_review,stale_high_volume
741,content_f14d1dd58226,0.775,refresh_review,stale_high_volume
742,content_3523f5fdc859,0.775,refresh_review,stale_high_volume
743,content_5c5f024cd3a6,0.775,refresh_review,stale_high_volume
744,content_208d6086e32b,0.775,refresh_review,visibility_opportunity
745,content_490978694374,0.775,refresh_review,stale_high_volume
746,content_349c549e39da,0.775,refresh_review,stale_high_volume
747,content_420f30e62d90,0.775,refresh_review,stale_high_volume
748,content_1fde0c76722c,0.775,refresh_review,visibility_opportunity
749,content_830c8c9a640b,0.775,refresh_review,visibility_opportunity
750,content_298265fe153d,0.775,refresh_review,visibility_opportunity
751,content_a928cb66d230,0.775,refresh_review,visibility_opportunity
752,content_f68bcc71c8f5,0.775,refresh_review,visibility_opportunity
753,content_ecef382bc4ff,0.775,refresh_review,visibility_opportunity
754,content_1054588132f7,0.775,refresh_review,visibility_opportunity
755,content_55139d0defae,0.775,refresh_review,stale_high_volume
756,content_662e4aaa9e63,0.775,refresh_review,stale_high_volume
757,content_f26254fad8aa,0.775,refresh_review,visibility_opportunity
758,content_7e24f3b27d73,0.775,refresh_review,stale_high_volume
759,content_9b31b56f48b6,0.775,refresh_review,visibility_opportunity
760,content_ad8987041ecb,0.775,refresh_review,visibility_opportunity
761,content_98104c021ff2,0.775,refresh_review,stale_high_volume
762,content_aca17a7cc165,0.775,refresh_review,visibility_opportunity
763,content_2bff67d1e32c,0.775,refresh_review,visibility_opportunity
764,content_671937fac53d,0.775,refresh_review,visibility_opportunity
765,content_128de35a7595,0.77,refresh_review,visibility_opportunity
766,content_5eb662584155,0.77,refresh_review,visibility_opportunity
767,content_8d65431b49ac,0.77,refresh_review,visibility_opportunity
768,content_42e419fcaa41,0.77,refresh_review,visibility_opportunity
769,content_31c056ce910d,0.77,refresh_review,visibility_opportunity
770,content_f5d25888aff9,0.77,refresh_review,stale_high_volume
771,content_bdeb3f3d22b5,0.77,refresh_review,visibility_opportunity
772,content_3b26815717ae,0.77,refresh_review,visibility_opportunity
773,content_866a6f5de5e2,0.77,refresh_review,stale_high_volume
774,content_5161a9559cb2,0.77,refresh_review,visibility_opportunity
775,content_8899b467cd41,0.77,refresh_review,visibility_opportunity
776,content_bcdc38cb4fc0,0.77,refresh_review,visibility_opportunity
777,content_47a93213b130,0.77,refresh_review,visibility_opportunity
778,content_34ac718715e7,0.77,refresh_review,visibility_opportunity
779,content_83ba21be7f59,0.77,refresh_review,visibility_opportunity
780,content_f3f5b1aa5308,0.77,refresh_review,visibility_opportunity
781,content_685de0e3b7cb,0.77,refresh_review,visibility_opportunity
782,content_5723e05acdc6,0.77,refresh_review,visibility_opportunity
783,content_6a864c164e3a,0.77,refresh_review,visibility_opportunity
784,content_34f7369c0fe6,0.77,refresh_review,visibility_opportunity
785,content_2b0cee6eec3e,0.77,refresh_review,stale_high_volume
786,content_014eefb7eeac,0.77,refresh_review,stale_high_volume
787,content_54af84f1e737,0.77,refresh_review,stale_high_volume
788,content_9e4a65fb4867,0.77,refresh_review,stale_high_volume
789,content_cbffee46b629,0.77,refresh_review,visibility_opportunity
790,content_fbe29bbd5001,0.77,refresh_review,stale_high_volume
791,content_57807d56e39d,0.77,refresh_review,visibility_opportunity
792,content_a5ee2196b6f9,0.77,refresh_review,stale_high_volume
793,content_2665bb7de609,0.77,refresh_review,stale_high_volume
794,content_6a72195dffc0,0.77,refresh_review,stale_high_volume
795,content_a5ee91129637,0.77,refresh_review,stale_high_volume
796,content_d59fd5fe3b83,0.77,refresh_review,stale_high_volume
797,content_7fcc5d4ca571,0.77,refresh_review,visibility_opportunity
798,content_7bf733e787cb,0.765,refresh_review,visibility_opportunity
799,content_fc20dc014f77,0.765,refresh_review,stale_high_volume
800,content_5d04feb5b4e3,0.765,refresh_review,visibility_opportunity
801,content_36d8ddaf2e53,0.765,refresh_review,visibility_opportunity
802,content_b7ad90f97e21,0.765,refresh_review,visibility_opportunity
803,content_ab5c69d8b3b1,0.765,refresh_review,visibility_opportunity
804,content_889ae78ef104,0.765,refresh_review,visibility_opportunity
805,content_306914716904,0.765,refresh_review,visibility_opportunity
806,content_f4189b5da579,0.765,refresh_review,visibility_opportunity
807,content_5d5a8a61e23b,0.765,refresh_review,visibility_opportunity
808,content_6ca98221ccd9,0.765,refresh_review,visibility_opportunity
809,content_d6aed460eac6,0.765,refresh_review,visibility_opportunity
810,content_7c14c899d2c5,0.765,refresh_review,visibility_opportunity
811,content_9a814077e7b7,0.765,refresh_review,visibility_opportunity
812,content_d6dd255e10bc,0.765,refresh_review,visibility_opportunity
813,content_a178dec7e550,0.765,refresh_review,visibility_opportunity
814,content_793666136464,0.765,refresh_review,stale_high_volume
815,content_f41264b82587,0.765,refresh_review,stale_high_volume
816,content_bc09827ad055,0.765,refresh_review,visibility_opportunity
817,content_9739b677eaa5,0.765,refresh_review,stale_high_volume
818,content_5a310d0bb418,0.765,refresh_review,visibility_opportunity
819,content_e9c39bb6170f,0.765,refresh_review,stale_high_volume
820,content_9b24023c059f,0.765,refresh_review,visibility_opportunity
821,content_81f55b12ea51,0.765,refresh_review,visibility_opportunity
822,content_e628596233d7,0.765,refresh_review,visibility_opportunity
823,content_ee6818d43583,0.765,refresh_review,visibility_opportunity
824,content_a12d4a1e9a4b,0.765,refresh_review,stale_high_volume
825,content_f0c9af435cc7,0.765,refresh_review,visibility_opportunity
826,content_c73439529814,0.76,refresh_review,visibility_opportunity
827,content_dadb8369df59,0.76,refresh_review,visibility_opportunity
828,content_5d77d3077984,0.76,refresh_review,visibility_opportunity
829,content_b5735741b78d,0.76,refresh_review,visibility_opportunity
830,content_a83ea5213bce,0.76,refresh_review,stale_high_volume
831,content_58012808e022,0.76,refresh_review,stale_high_volume
832,content_ba663b76c64b,0.76,refresh_review,visibility_opportunity
833,content_76aa050d1556,0.76,refresh_review,visibility_opportunity
834,content_54aaf33f64b4,0.76,refresh_review,visibility_opportunity
835,content_8d3971bfd976,0.76,refresh_review,visibility_opportunity
836,content_4045ddbabca1,0.76,refresh_review,stale_high_volume
837,content_2f26cc677aad,0.76,refresh_review,stale_high_volume
838,content_ffc437abf31c,0.76,refresh_review,visibility_opportunity
839,content_7c750052e015,0.76,refresh_review,visibility_opportunity
840,content_0797b2065787,0.76,refresh_review,visibility_opportunity
841,content_d81093249cd6,0.76,refresh_review,visibility_opportunity
842,content_7763d04703d0,0.76,refresh_review,visibility_opportunity
843,content_13264f1d3998,0.76,refresh_review,visibility_opportunity
844,content_dcd0eb6325fa,0.76,refresh_review,stale_high_volume
845,content_292059c0400f,0.76,refresh_review,visibility_opportunity
846,content_5d03f7400426,0.76,refresh_review,visibility_opportunity
847,content_514a8f69a70e,0.76,refresh_review,visibility_opportunity
848,content_7785035cca99,0.76,refresh_review,visibility_opportunity
849,content_227c8dfa69ca,0.76,refresh_review,visibility_opportunity
850,content_3a764930904d,0.76,refresh_review,visibility_opportunity
851,content_c2710bb91ff3,0.76,refresh_review,stale_high_volume
852,content_d896af65d5b6,0.76,refresh_review,stale_high_volume
853,content_92c6a58824ed,0.76,refresh_review,visibility_opportunity
854,content_ac46699625cd,0.76,refresh_review,visibility_opportunity
855,content_a3c2440cef67,0.76,refresh_review,visibility_opportunity
856,content_7b978a6bbf9f,0.76,refresh_review,visibility_opportunity
857,content_46e6383afd44,0.76,refresh_review,visibility_opportunity
858,content_2511d3d4a6f9,0.76,refresh_review,stale_high_volume
859,content_76b37fe07cc3,0.755,refresh_review,visibility_opportunity
860,content_ed831c57a3e8,0.755,refresh_review,visibility_opportunity
861,content_db5a1e827e8b,0.755,refresh_review,visibility_opportunity
862,content_134637480bfe,0.755,refresh_review,stale_high_volume
863,content_093db3119b96,0.755,refresh_review,visibility_opportunity
864,content_1b920d0039ba,0.755,refresh_review,visibility_opportunity
865,content_6ab05b9d2cd8,0.755,refresh_review,visibility_opportunity
866,content_df014c059b19,0.755,refresh_review,visibility_opportunity
867,content_a5a5392242a4,0.755,refresh_review,stale_high_volume
868,content_3b25b95df47a,0.755,refresh_review,stale_high_volume
869,content_df1a21acd69c,0.755,refresh_review,stale_high_volume
870,content_7e7f437c608b,0.755,refresh_review,stale_high_volume
871,content_258f1280e3fe,0.755,refresh_review,visibility_opportunity
872,content_7f92ba2acbf7,0.755,refresh_review,visibility_opportunity
873,content_c5f79bf532f3,0.755,refresh_review,visibility_opportunity
874,content_8bccdf8eab1a,0.755,refresh_review,visibility_opportunity
875,content_f14a24375cc4,0.755,refresh_review,stale_high_volume
876,content_99f7f3940ed4,0.755,refresh_review,visibility_opportunity
877,content_b5716f2631dc,0.755,refresh_review,visibility_opportunity
878,content_a652438565aa,0.755,refresh_review,visibility_opportunity
879,content_556c5e4eb2de,0.755,refresh_review,stale_high_volume
880,content_25d914894523,0.755,refresh_review,stale_high_volume
881,content_de9d270f0d2a,0.755,refresh_review,visibility_opportunity
882,content_6fafe30f1c8c,0.755,refresh_review,visibility_opportunity
883,content_5af98c4db3f6,0.755,refresh_review,visibility_opportunity
884,content_09227e80fef5,0.755,refresh_review,visibility_opportunity
885,content_1b7188b37ffc,0.755,refresh_review,visibility_opportunity
886,content_aa512432a9b2,0.755,refresh_review,stale_high_volume
887,content_971fb2a30c56,0.755,refresh_review,visibility_opportunity
888,content_847c0e9b2eb6,0.755,refresh_review,visibility_opportunity
889,content_4bed8567926a,0.755,refresh_review,visibility_opportunity
890,content_e6c5d6fa7791,0.755,refresh_review,stale_high_volume
891,content_dfc00ceb883d,0.755,refresh_review,stale_high_volume
892,content_a698e76903a3,0.755,refresh_review,visibility_opportunity
893,content_45d3aa65f4df,0.755,refresh_review,visibility_opportunity
894,content_1b259c0f9659,0.755,refresh_review,visibility_opportunity
895,content_6cc2663a00ec,0.755,refresh_review,visibility_opportunity
896,content_ff102de380d8,0.755,refresh_review,visibility_opportunity
897,content_68784a872d47,0.755,refresh_review,stale_high_volume
898,content_e053030b589a,0.755,refresh_review,visibility_opportunity
899,content_17e92c02c970,0.75,refresh_review,visibility_opportunity
900,content_80d3d61c4846,0.75,refresh_review,visibility_opportunity
901,content_5bf25bc67ebd,0.75,refresh_review,visibility_opportunity
902,content_a988a5fb75c0,0.75,refresh_review,visibility_opportunity
903,content_b0bbe3291c4c,0.75,refresh_review,visibility_opportunity
904,content_613cb54ed11e,0.75,refresh_review,visibility_opportunity
905,content_3a510b962660,0.75,refresh_review,visibility_opportunity
906,content_966912f7c190,0.75,refresh_review,visibility_opportunity
907,content_0a429dd0c126,0.75,refresh_review,visibility_opportunity
908,content_8fa3cd5f7191,0.75,refresh_review,stale_high_volume
909,content_954cc45bd437,0.75,refresh_review,stale_high_volume
910,content_14829a4b4083,0.75,refresh_review,stale_high_volume
911,content_2dff72da8702,0.75,refresh_review,stale_high_volume
912,content_f0d98be4b42c,0.75,refresh_review,stale_high_volume
913,content_f852ec837892,0.75,refresh_review,visibility_opportunity
914,content_60fc8f959d20,0.75,refresh_review,visibility_opportunity
915,content_4cace18c1bfd,0.75,refresh_review,stale_high_volume
916,content_7e62e609fca2,0.75,refresh_review,visibility_opportunity
917,content_df32c8c5c2ce,0.75,refresh_review,visibility_opportunity
918,content_823fd81e88da,0.75,refresh_review,stale_high_volume
919,content_89b746cd8933,0.75,refresh_review,visibility_opportunity
920,content_abf0b1933511,0.75,refresh_review,visibility_opportunity
921,content_762ad0347f3d,0.75,refresh_review,visibility_opportunity
922,content_e38b7fe0f8a5,0.75,refresh_review,visibility_opportunity
923,content_b7553fdf4ef1,0.75,refresh_review,visibility_opportunity
924,content_b5c4feda7c40,0.75,refresh_review,visibility_opportunity
925,content_367fe17c5d78,0.75,refresh_review,stale_high_volume
926,content_b055f5b25c28,0.75,refresh_review,visibility_opportunity
927,content_d8e1b5fb9606,0.75,refresh_review,stale_high_volume
928,content_1892fc1b06f2,0.75,refresh_review,visibility_opportunity
929,content_2332fa52beae,0.75,refresh_review,stale_high_volume
930,content_5418abc60930,0.745,refresh_review,visibility_opportunity
931,content_1bc2a01f84df,0.745,refresh_review,visibility_opportunity
932,content_f54baf531356,0.745,refresh_review,visibility_opportunity
933,content_884c401ce126,0.745,refresh_review,visibility_opportunity
934,content_4a87ae4135a9,0.745,refresh_review,stale_high_volume
935,content_75b14a17d0b0,0.745,refresh_review,visibility_opportunity
936,content_d8992865e6a5,0.745,refresh_review,visibility_opportunity
937,content_7fb66cd17356,0.745,refresh_review,stale_high_volume
938,content_131749bcd0b8,0.745,refresh_review,stale_high_volume
939,content_bf77f5dbe703,0.745,refresh_review,stale_high_volume
940,content_0ae004d4a60f,0.745,refresh_review,visibility_opportunity
941,content_93736f8ade40,0.745,refresh_review,visibility_opportunity
942,content_b2db3553a878,0.745,refresh_review,visibility_opportunity
943,content_352186220c07,0.745,refresh_review,visibility_opportunity
944,content_51818b6f2a4c,0.745,refresh_review,visibility_opportunity
945,content_d8b40bc1326d,0.745,refresh_review,stale_high_volume
946,content_c18c914ed20c,0.745,refresh_review,stale_high_volume
947,content_de0154a19027,0.745,refresh_review,visibility_opportunity
948,content_cce5e5d3683e,0.745,refresh_review,visibility_opportunity
949,content_ab87b527fbea,0.745,refresh_review,visibility_opportunity
950,content_558717798c3b,0.745,refresh_review,visibility_opportunity
951,content_10c16c9b435a,0.745,refresh_review,visibility_opportunity
952,content_a30c32196ac9,0.745,refresh_review,stale_high_volume
953,content_fd12e5168b90,0.745,refresh_review,visibility_opportunity
954,content_fd93c477fff0,0.745,refresh_review,visibility_opportunity
955,content_3a7f4f1c58ba,0.745,refresh_review,visibility_opportunity
956,content_4e6d453b3583,0.745,refresh_review,visibility_opportunity
957,content_2fafb87fe632,0.745,refresh_review,visibility_opportunity
958,content_ce59581533ca,0.745,refresh_review,visibility_opportunity
959,content_216e491cf375,0.745,refresh_review,visibility_opportunity
960,content_ca8f273a3e0a,0.745,refresh_review,stale_high_volume
961,content_fdc4d9b36547,0.74,refresh_review,stale_high_volume
962,content_a0d2632eefb3,0.74,refresh_review,visibility_opportunity
963,content_78a2abf4013f,0.74,refresh_review,visibility_opportunity
964,content_10fd31ac61bb,0.74,refresh_review,stale_high_volume
965,content_3fd146b093c7,0.74,refresh_review,visibility_opportunity
966,content_484c921cf398,0.74,refresh_review,visibility_opportunity
967,content_24abf98d3cf4,0.74,refresh_review,stale_high_volume
968,content_89f943df59f1,0.74,refresh_review,visibility_opportunity
969,content_542ad143087e,0.74,refresh_review,stale_high_volume
970,content_d700ff22181f,0.74,refresh_review,stale_high_volume
971,content_29884c0f9255,0.74,refresh_review,visibility_opportunity
972,content_7c2dbf3b0577,0.74,refresh_review,stale_high_volume
973,content_907688f36763,0.74,refresh_review,visibility_opportunity
974,content_4c40e33aa12d,0.74,refresh_review,visibility_opportunity
975,content_5400d7a7b5a0,0.74,refresh_review,visibility_opportunity
976,content_a2d42ee7ea97,0.74,refresh_review,stale_high_volume
977,content_5eb2f48aab0f,0.74,refresh_review,stale_high_volume
978,content_8bf0e80d273c,0.74,refresh_review,stale_high_volume
979,content_62010e71e9dc,0.74,refresh_review,visibility_opportunity
980,content_895e41f607af,0.74,refresh_review,visibility_opportunity
981,content_1a47f735791e,0.74,refresh_review,visibility_opportunity
982,content_8025e3894512,0.74,refresh_review,visibility_opportunity
983,content_d423fedf21f0,0.74,refresh_review,stale_high_volume
984,content_875615513a2c,0.74,refresh_review,visibility_opportunity
985,content_86b70918694f,0.74,refresh_review,visibility_opportunity
986,content_99e377add3ab,0.74,refresh_review,visibility_opportunity
987,content_f643d52fa2c8,0.74,refresh_review,visibility_opportunity
988,content_17e6df28a5d5,0.74,refresh_review,visibility_opportunity
989,content_03da7338b27f,0.74,refresh_review,visibility_opportunity
990,content_7bd067d7f354,0.74,refresh_review,stale_high_volume
991,content_bc09378360ac,0.74,refresh_review,visibility_opportunity
992,content_9e910c76fe4c,0.74,refresh_review,stale_high_volume
993,content_16faf1fd0e10,0.735,refresh_review,visibility_opportunity
994,content_711cf2a20000,0.735,refresh_review,visibility_opportunity
995,content_db3fd75bd4fe,0.735,refresh_review,visibility_opportunity
996,content_50644c465743,0.735,refresh_review,visibility_opportunity
997,content_6c4e879d335d,0.735,refresh_review,visibility_opportunity
998,content_08680a075d9f,0.735,refresh_review,visibility_opportunity
999,content_0235e0daa068,0.735,refresh_review,stale_high_volume
1000,content_d56d7775f18f,0.735,refresh_review,visibility_opportunity
1001,content_438be6c5d53e,0.735,refresh_review,visibility_opportunity
1002,content_2ecfb29cb4ac,0.735,refresh_review,visibility_opportunity
1003,content_653b3dae2667,0.735,refresh_review,visibility_opportunity
1004,content_796a5cdc793f,0.735,refresh_review,stale_high_volume
1005,content_e8900ebb63cf,0.735,refresh_review,visibility_opportunity
1006,content_a62bf7fa639b,0.735,refresh_review,visibility_opportunity
1007,content_fb5828d5d62f,0.735,refresh_review,visibility_opportunity
1008,content_8ea47b2663a0,0.735,refresh_review,visibility_opportunity
1009,content_3408f65286e4,0.735,refresh_review,visibility_opportunity
1010,content_a0e5608803b6,0.735,refresh_review,visibility_opportunity
1011,content_0c0fe8411e94,0.735,refresh_review,stale_high_volume
1012,content_5e5271003234,0.735,refresh_review,visibility_opportunity
1013,content_f74702d8986f,0.735,refresh_review,visibility_opportunity
1014,content_30b6db592819,0.735,refresh_review,visibility_opportunity
1015,content_178b0367d8f4,0.735,refresh_review,visibility_opportunity
1016,content_43aa1cde48e3,0.735,refresh_review,stale_high_volume
1017,content_268547787415,0.735,refresh_review,visibility_opportunity
1018,content_202424f97d35,0.73,refresh_review,visibility_opportunity
1019,content_15a9ca3ffd3e,0.73,refresh_review,visibility_opportunity
1020,content_d833c807ccc4,0.73,refresh_review,visibility_opportunity
1021,content_60da5b50ebb9,0.73,refresh_review,visibility_opportunity
1022,content_1423cc413c6a,0.73,refresh_review,stale_high_volume
1023,content_72cd1ff82a34,0.73,refresh_review,visibility_opportunity
1024,content_22f4d2f58c42,0.73,refresh_review,visibility_opportunity
1025,content_0d7cadb3e82c,0.73,refresh_review,visibility_opportunity
1026,content_f8e170580eab,0.73,refresh_review,visibility_opportunity
1027,content_cf89cdf7de74,0.73,refresh_review,visibility_opportunity
1028,content_8ed210418ee8,0.73,refresh_review,stale_high_volume
1029,content_5eabfc22996f,0.73,refresh_review,visibility_opportunity
1030,content_7947d714b3b3,0.73,refresh_review,visibility_opportunity
1031,content_35b56e13a9ba,0.73,refresh_review,stale_high_volume
1032,content_9090bbd63680,0.73,refresh_review,stale_high_volume
1033,content_83a21bfa1807,0.73,refresh_review,visibility_opportunity
1034,content_a786b53fda3f,0.73,refresh_review,visibility_opportunity
1035,content_bd42ced1f902,0.73,refresh_review,stale_high_volume
1036,content_09f7b75a09a5,0.73,refresh_review,visibility_opportunity
1037,content_07645c09399d,0.73,refresh_review,stale_high_volume
1038,content_3ebeade99cf0,0.73,refresh_review,visibility_opportunity
1039,content_576f7cb282da,0.73,refresh_review,stale_high_volume
1040,content_ba467e170ece,0.73,refresh_review,visibility_opportunity
1041,content_df307009311e,0.73,refresh_review,visibility_opportunity
1042,content_6a552ab4e642,0.73,refresh_review,visibility_opportunity
1043,content_13cfec0b5b2f,0.73,refresh_review,stale_high_volume
1044,content_ba8edc136162,0.73,refresh_review,stale_high_volume
1045,content_1f37db922da1,0.73,refresh_review,stale_high_volume
1046,content_da3f2c1bef3f,0.73,refresh_review,visibility_opportunity
1047,content_98b2e844bc71,0.73,refresh_review,visibility_opportunity
1048,content_e8f12f8191d3,0.73,refresh_review,visibility_opportunity
1049,content_f857e7bf7fc2,0.73,refresh_review,stale_high_volume
1050,content_e65dfd783f8d,0.73,refresh_review,stale_high_volume
1051,content_e12604d74081,0.73,refresh_review,stale_high_volume
1052,content_24305e647310,0.73,refresh_review,visibility_opportunity
1053,content_7af68c6f2598,0.73,refresh_review,stale_high_volume
1054,content_c82bc0c24241,0.73,refresh_review,visibility_opportunity
1055,content_85fd92fe33ef,0.73,refresh_review,stale_high_volume
1056,content_2eecc520da26,0.725,refresh_review,visibility_opportunity
1057,content_3e274426ccca,0.725,refresh_review,stale_high_volume
1058,content_70bd0282ed65,0.725,refresh_review,visibility_opportunity
1059,content_9a5b8476eb7b,0.725,refresh_review,visibility_opportunity
1060,content_1f1c6b273a44,0.725,refresh_review,visibility_opportunity
1061,content_a537d99944b8,0.725,refresh_review,stale_high_volume
1062,content_49077ded3aed,0.725,refresh_review,visibility_opportunity
1063,content_b8ee53b39bb1,0.725,refresh_review,visibility_opportunity
1064,content_1d3f05ee1ded,0.725,refresh_review,visibility_opportunity
1065,content_c60de3a2cf16,0.725,refresh_review,visibility_opportunity
1066,content_5ebe639dafce,0.725,refresh_review,visibility_opportunity
1067,content_dd39c5616130,0.725,refresh_review,visibility_opportunity
1068,content_e5bcdfaadccd,0.725,refresh_review,visibility_opportunity
1069,content_6fa19b4611d7,0.725,refresh_review,stale_high_volume
1070,content_21b819522d93,0.725,refresh_review,visibility_opportunity
1071,content_20d5286b9afa,0.725,refresh_review,visibility_opportunity
1072,content_e7596fea954a,0.725,refresh_review,stale_high_volume
1073,content_84bc4706ba53,0.725,refresh_review,visibility_opportunity
1074,content_684a74eddb5a,0.725,refresh_review,visibility_opportunity
1075,content_e2a8dcfda805,0.725,refresh_review,visibility_opportunity
1076,content_9a5be97ce13c,0.725,refresh_review,visibility_opportunity
1077,content_ba44142db5a8,0.725,refresh_review,stale_high_volume
1078,content_01a1cc81e480,0.725,refresh_review,visibility_opportunity
1079,content_85888f01be00,0.725,refresh_review,visibility_opportunity
1080,content_28dc7ce0cfbb,0.725,refresh_review,visibility_opportunity
1081,content_b77fa82a63b8,0.725,refresh_review,stale_high_volume
1082,content_5f2ad4dd4806,0.725,refresh_review,stale_high_volume
1083,content_b05bf72d3ece,0.725,refresh_review,visibility_opportunity
1084,content_69bc7f1d3570,0.725,refresh_review,visibility_opportunity
1085,content_701d4ba4e25d,0.725,refresh_review,visibility_opportunity
1086,content_f370347f8d22,0.725,refresh_review,stale_high_volume
1087,content_0fa0a2c60cf9,0.725,refresh_review,stale_high_volume
1088,content_f9a8592bbb17,0.725,refresh_review,visibility_opportunity
1089,content_a61e74e4ef74,0.725,refresh_review,visibility_opportunity
1090,content_f24ad3e1c775,0.725,refresh_review,stale_high_volume
1091,content_60bd44a91d5c,0.725,refresh_review,stale_high_volume
1092,content_cbb55a6e67e4,0.725,refresh_review,visibility_opportunity
1093,content_f7875bf9d834,0.725,refresh_review,visibility_opportunity
1094,content_c4e07dca1672,0.725,refresh_review,visibility_opportunity
1095,content_ddf7d7516f0f,0.72,refresh_review,visibility_opportunity
1096,content_77154073d2ff,0.72,refresh_review,visibility_opportunity
1097,content_bfeab0d95550,0.72,refresh_review,visibility_opportunity
1098,content_bb0f228c36d2,0.72,refresh_review,stale_high_volume
1099,content_ada7dbd198ce,0.72,refresh_review,visibility_opportunity
1100,content_537f0ba225a5,0.72,refresh_review,visibility_opportunity
1101,content_abe37bcc8db9,0.72,refresh_review,visibility_opportunity
1102,content_d3a29df5b1e4,0.72,refresh_review,stale_high_volume
1103,content_6ce22054b9ee,0.72,refresh_review,stale_high_volume
1104,content_f0fe0faf8d39,0.72,refresh_review,visibility_opportunity
1105,content_461415b14c83,0.72,refresh_review,visibility_opportunity
1106,content_6d0fa302a283,0.72,refresh_review,visibility_opportunity
1107,content_3d0673949a94,0.72,refresh_review,stale_high_volume
1108,content_0022a6b4290f,0.72,refresh_review,visibility_opportunity
1109,content_2de2912ce657,0.72,refresh_review,visibility_opportunity
1110,content_457796eab16d,0.72,refresh_review,stale_high_volume
1111,content_64d2a935a54f,0.72,refresh_review,stale_high_volume
1112,content_4611bb5c7228,0.72,refresh_review,stale_high_volume
1113,content_a6544458b585,0.72,refresh_review,stale_high_volume
1114,content_b6ba8b483c64,0.72,refresh_review,visibility_opportunity
1115,content_8f523a52fa57,0.72,refresh_review,visibility_opportunity
1116,content_8528e47028ed,0.72,refresh_review,stale_high_volume
1117,content_a1d554f4c406,0.72,refresh_review,visibility_opportunity
1118,content_fb788de26cae,0.72,refresh_review,visibility_opportunity
1119,content_e2989112662f,0.72,refresh_review,visibility_opportunity
1120,content_79ea779b5fcc,0.72,refresh_review,stale_high_volume
1121,content_3147d7f0b301,0.72,refresh_review,visibility_opportunity
1122,content_9977bbaa266b,0.72,refresh_review,visibility_opportunity
1123,content_76189a98416b,0.72,refresh_review,visibility_opportunity
1124,content_8881aba1e852,0.715,refresh_review,visibility_opportunity
1125,content_2f51ca262e66,0.715,refresh_review,visibility_opportunity
1126,content_efe71ab31aca,0.715,refresh_review,visibility_opportunity
1127,content_2230586bb0c4,0.715,refresh_review,stale_high_volume
1128,content_ade4f6189920,0.715,refresh_review,stale_high_volume
1129,content_d149b02b1cb1,0.715,refresh_review,visibility_opportunity
1130,content_1efec8da6e83,0.715,refresh_review,visibility_opportunity
1131,content_b98072a1dfd2,0.715,refresh_review,stale_high_volume
1132,content_a9ca62a8a9eb,0.715,refresh_review,visibility_opportunity
1133,content_8fa784e567ac,0.715,refresh_review,visibility_opportunity
1134,content_9b3d7bfa7e2f,0.715,refresh_review,stale_high_volume
1135,content_2b074219d79d,0.715,refresh_review,visibility_opportunity
1136,content_2709d0b946d4,0.715,refresh_review,visibility_opportunity
1137,content_afa114dc512c,0.715,refresh_review,visibility_opportunity
1138,content_a58930bfa3d3,0.715,refresh_review,visibility_opportunity
1139,content_424ff4ad540a,0.715,refresh_review,visibility_opportunity
1140,content_93e1ebff27b8,0.715,refresh_review,visibility_opportunity
1141,content_7a999bea6a06,0.715,refresh_review,stale_high_volume
1142,content_0507a9ef3210,0.715,refresh_review,stale_high_volume
1143,content_2d1825cd5280,0.715,refresh_review,stale_high_volume
1144,content_6871b9e18506,0.715,refresh_review,visibility_opportunity
1145,content_d2f02c272585,0.715,refresh_review,stale_high_volume
1146,content_5a051ddd8401,0.715,refresh_review,visibility_opportunity
1147,content_5d8cc9246c52,0.715,refresh_review,stale_high_volume
1148,content_9a2747af2adb,0.715,refresh_review,visibility_opportunity
1149,content_d447a286b0ed,0.715,refresh_review,stale_high_volume
1150,content_8bf4f84d54cc,0.715,refresh_review,stale_high_volume
1151,content_663485f2517d,0.715,refresh_review,visibility_opportunity
1152,content_64373b8be1b4,0.715,refresh_review,stale_high_volume
1153,content_c60b0a4ba18f,0.715,refresh_review,visibility_opportunity
1154,content_93f25ee7d65d,0.715,refresh_review,stale_high_volume
1155,content_dcc72a7f01f3,0.715,refresh_review,visibility_opportunity
1156,content_d58dd4ba9247,0.715,refresh_review,visibility_opportunity
1157,content_8ac5e7d55b90,0.715,refresh_review,stale_high_volume
1158,content_7bc20bc8263b,0.71,refresh_review,visibility_opportunity
1159,content_0478bd1b2fb4,0.71,refresh_review,stale_high_volume
1160,content_c09e49e87ab2,0.71,refresh_review,stale_high_volume
1161,content_306b690f0366,0.71,refresh_review,visibility_opportunity
1162,content_ec8c9af6479a,0.71,refresh_review,stale_high_volume
1163,content_179caec11499,0.71,refresh_review,visibility_opportunity
1164,content_c13bfe497aeb,0.71,refresh_review,visibility_opportunity
1165,content_e06a98b9b38b,0.71,refresh_review,stale_high_volume
1166,content_34ad541ab004,0.71,refresh_review,visibility_opportunity
1167,content_f43f7e2d9039,0.71,refresh_review,visibility_opportunity
1168,content_79bf59875d0e,0.71,refresh_review,visibility_opportunity
1169,content_63804e59025a,0.71,refresh_review,stale_high_volume
1170,content_147608c766c3,0.71,refresh_review,visibility_opportunity
1171,content_d225ec9f3d46,0.71,refresh_review,visibility_opportunity
1172,content_fd2d2b57f310,0.71,refresh_review,stale_high_volume
1173,content_8573adbc32cc,0.71,refresh_review,visibility_opportunity
1174,content_85cdc8c3c2f6,0.71,refresh_review,visibility_opportunity
1175,content_f45c1431686e,0.71,refresh_review,visibility_opportunity
1176,content_7cd3d321a3ad,0.71,refresh_review,visibility_opportunity
1177,content_ef77ee9f9266,0.71,refresh_review,visibility_opportunity
1178,content_bf69fff510ad,0.71,refresh_review,visibility_opportunity
1179,content_2e71ee6eebc0,0.71,refresh_review,stale_high_volume
1180,content_4117f561767d,0.71,refresh_review,visibility_opportunity
1181,content_c4ebfc5cead5,0.71,refresh_review,stale_high_volume
1182,content_ace1680995f5,0.71,refresh_review,stale_high_volume
1183,content_f89165bffc09,0.71,refresh_review,stale_high_volume
1184,content_b27db044b0e6,0.71,refresh_review,stale_high_volume
1185,content_5a2c8f6bafa5,0.71,refresh_review,visibility_opportunity
1186,content_43fb79265218,0.71,refresh_review,visibility_opportunity
1187,content_1cc2d0c15fc6,0.71,refresh_review,visibility_opportunity
1188,content_e8729b6fec38,0.71,refresh_review,stale_high_volume
1189,content_4d3620e6e834,0.71,refresh_review,stale_high_volume
1190,content_1725b2b2e126,0.71,refresh_review,visibility_opportunity
1191,content_99aeeed59c45,0.71,refresh_review,visibility_opportunity
1192,content_33b76f85ef76,0.705,refresh_review,visibility_opportunity
1193,content_96dc9018b2c9,0.705,refresh_review,visibility_opportunity
1194,content_c2d93e0c1e52,0.705,refresh_review,stale_high_volume
1195,content_b2a6bd1b302a,0.705,refresh_review,visibility_opportunity
1196,content_8b2001e96132,0.705,refresh_review,stale_high_volume
1197,content_08c809c7ef99,0.705,refresh_review,visibility_opportunity
1198,content_52a8a945cfc3,0.705,refresh_review,visibility_opportunity
1199,content_217ab13a19c2,0.705,refresh_review,visibility_opportunity
1200,content_01e6f180a032,0.705,refresh_review,stale_high_volume
1201,content_8ba781dafa55,0.705,refresh_review,stale_high_volume
1202,content_1338cdc6dd34,0.705,refresh_review,stale_high_volume
1203,content_bd09429b5300,0.705,refresh_review,visibility_opportunity
1204,content_2525189bc72e,0.705,refresh_review,visibility_opportunity
1205,content_1cae0767ba64,0.705,refresh_review,visibility_opportunity
1206,content_6b3e1ca20af7,0.705,refresh_review,visibility_opportunity
1207,content_67d4bd0f7151,0.705,refresh_review,visibility_opportunity
1208,content_982916749e6d,0.705,refresh_review,visibility_opportunity
1209,content_35de81fa684f,0.705,refresh_review,visibility_opportunity
1210,content_e5b7ee456c43,0.705,refresh_review,visibility_opportunity
1211,content_0a954f7270fd,0.705,refresh_review,visibility_opportunity
1212,content_0cacab840128,0.705,refresh_review,visibility_opportunity
1213,content_ecff98594133,0.705,refresh_review,visibility_opportunity
1214,content_378c51ef5313,0.705,refresh_review,visibility_opportunity
1215,content_a4e7c491c25f,0.705,refresh_review,stale_high_volume
1216,content_e09b5602ba42,0.705,refresh_review,stale_high_volume
1217,content_8066a5202ee5,0.705,refresh_review,visibility_opportunity
1218,content_c3e4231878b4,0.705,refresh_review,stale_high_volume
1219,content_d62bcceebda5,0.705,refresh_review,visibility_opportunity
1220,content_86ed40f760d2,0.705,refresh_review,visibility_opportunity
1221,content_64c9e22f23f7,0.705,refresh_review,visibility_opportunity
1222,content_91938c472d20,0.705,refresh_review,stale_high_volume
1223,content_86e1ddabc10a,0.705,refresh_review,visibility_opportunity
1224,content_9f3be5690b53,0.705,refresh_review,visibility_opportunity
1225,content_b707d8ef5fd3,0.705,refresh_review,stale_high_volume
1226,content_b257022a3f04,0.705,refresh_review,visibility_opportunity
1227,content_499076ef81ae,0.7,refresh_review,visibility_opportunity
1228,content_c3f6d634ff00,0.7,refresh_review,stale_high_volume
1229,content_d3a9e35e0751,0.7,refresh_review,visibility_opportunity
1230,content_885a25cd5e18,0.7,refresh_review,stale_high_volume
1231,content_e9225d7f8f18,0.7,refresh_review,stale_high_volume
1232,content_6264e171fb5f,0.7,refresh_review,visibility_opportunity
1233,content_f3cf1549338d,0.7,refresh_review,visibility_opportunity
1234,content_fd285d01fcef,0.7,refresh_review,visibility_opportunity
1235,content_837ee719f74b,0.7,refresh_review,visibility_opportunity
1236,content_3f8c2b409817,0.7,refresh_review,visibility_opportunity
1237,content_bc6ff35fa85b,0.7,refresh_review,visibility_opportunity
1238,content_85d021f0a213,0.7,refresh_review,stale_high_volume
1239,content_f799608fac33,0.7,refresh_review,stale_high_volume
1240,content_e3de4ddde194,0.7,refresh_review,visibility_opportunity
1241,content_c9718c5004f1,0.7,refresh_review,visibility_opportunity
1242,content_c9189c302ff1,0.7,refresh_review,stale_high_volume
1243,content_f9c40e2ab163,0.7,refresh_review,visibility_opportunity
1244,content_e4135f4031ea,0.7,refresh_review,visibility_opportunity
1245,content_d5423ad8c4d2,0.7,refresh_review,stale_high_volume
1246,content_96df9eee1651,0.7,refresh_review,visibility_opportunity
1247,content_24c504b57001,0.7,refresh_review,visibility_opportunity
1248,content_c6d0e031b456,0.7,refresh_review,visibility_opportunity
1249,content_68679a49bd03,0.7,refresh_review,visibility_opportunity
1250,content_8c4b5fce81d0,0.7,refresh_review,visibility_opportunity
1251,content_c256b122ab35,0.7,refresh_review,visibility_opportunity
1252,content_2ff48634c590,0.7,refresh_review,stale_high_volume
1253,content_d93380a7ba75,0.7,refresh_review,stale_high_volume
1254,content_d73c27ee5e68,0.7,refresh_review,stale_high_volume
1255,content_40f90a05c8c1,0.7,refresh_review,visibility_opportunity
1256,content_d1be24388003,0.7,refresh_review,stale_high_volume
1257,content_9154bca5c190,0.7,refresh_review,visibility_opportunity
1258,content_e23a1f53cac0,0.7,refresh_review,visibility_opportunity
1259,content_e02294474a4c,0.695,refresh_review,visibility_opportunity
1260,content_b1f52d762c14,0.695,refresh_review,visibility_opportunity
1261,content_53a574b8a7da,0.695,refresh_review,visibility_opportunity
1262,content_c64d980fa748,0.695,refresh_review,visibility_opportunity
1263,content_4b60f0aa0601,0.695,refresh_review,visibility_opportunity
1264,content_2ce3c50db023,0.695,refresh_review,visibility_opportunity
1265,content_11a4f985f14d,0.695,refresh_review,visibility_opportunity
1266,content_630f434b6951,0.695,refresh_review,stale_high_volume
1267,content_3135ae17abcf,0.695,refresh_review,visibility_opportunity
1268,content_d7270f426bd5,0.695,refresh_review,visibility_opportunity
1269,content_3d4f425c1828,0.695,refresh_review,stale_high_volume
1270,content_3a4099af9765,0.695,refresh_review,visibility_opportunity
1271,content_5a288ec6e8c2,0.695,refresh_review,stale_high_volume
1272,content_0f218ca2462a,0.695,refresh_review,visibility_opportunity
1273,content_77a1504fcf76,0.695,refresh_review,visibility_opportunity
1274,content_753b8b5e0b81,0.695,refresh_review,stale_high_volume
1275,content_236878619647,0.695,refresh_review,visibility_opportunity
1276,content_c79bfcc07824,0.695,refresh_review,stale_high_volume
1277,content_05029401b9b1,0.695,refresh_review,stale_high_volume
1278,content_58abc05dcae5,0.695,refresh_review,visibility_opportunity
1279,content_b5580fff8dcb,0.695,refresh_review,visibility_opportunity
1280,content_7b3b6c08c78c,0.695,refresh_review,stale_high_volume
1281,content_f61eed3c939b,0.695,refresh_review,visibility_opportunity
1282,content_8c50c8b76450,0.695,refresh_review,stale_high_volume
1283,content_038770d29101,0.695,refresh_review,visibility_opportunity
1284,content_0ea80678706d,0.695,refresh_review,visibility_opportunity
1285,content_e1e60f196c3f,0.695,refresh_review,visibility_opportunity
1286,content_2d08ccac3f63,0.695,refresh_review,visibility_opportunity
1287,content_5942b0ff812b,0.695,refresh_review,visibility_opportunity
1288,content_241d51cd233c,0.69,refresh_review,visibility_opportunity
1289,content_ea2dcd45a28c,0.69,refresh_review,visibility_opportunity
1290,content_e6aeb6995d0c,0.69,refresh_review,stale_high_volume
1291,content_15a4a8732401,0.69,refresh_review,visibility_opportunity
1292,content_e86e004502f7,0.69,refresh_review,visibility_opportunity
1293,content_3ca6b7126623,0.69,refresh_review,visibility_opportunity
1294,content_1742db057782,0.69,refresh_review,stale_high_volume
1295,content_0d64fda4cab6,0.69,refresh_review,stale_high_volume
1296,content_d4d0b65e5582,0.69,refresh_review,visibility_opportunity
1297,content_282a02583641,0.69,refresh_review,visibility_opportunity
1298,content_92944be62613,0.69,refresh_review,stale_high_volume
1299,content_41e79436cdff,0.69,refresh_review,stale_high_volume
1300,content_e2cee4291bee,0.69,refresh_review,visibility_opportunity
1301,content_bd5daccdde52,0.69,refresh_review,visibility_opportunity
1302,content_90a2b42a44c7,0.69,refresh_review,stale_high_volume
1303,content_39a104f6d921,0.69,refresh_review,visibility_opportunity
1304,content_46506cfa1b19,0.69,refresh_review,stale_high_volume
1305,content_73138e49f25d,0.69,refresh_review,visibility_opportunity
1306,content_105301075b9a,0.69,refresh_review,stale_high_volume
1307,content_ee6ee1010d56,0.69,refresh_review,visibility_opportunity
1308,content_55a06edcc229,0.69,refresh_review,visibility_opportunity
1309,content_10a54e15750b,0.69,refresh_review,visibility_opportunity
1310,content_e1bf08881dc6,0.69,refresh_review,visibility_opportunity
1311,content_ff7519d55881,0.69,refresh_review,visibility_opportunity
1312,content_1520bae94c77,0.69,refresh_review,visibility_opportunity
1313,content_18d02da422e6,0.69,refresh_review,visibility_opportunity
1314,content_5bfda3888862,0.69,refresh_review,visibility_opportunity
1315,content_d5a9fc0e9ea6,0.69,refresh_review,visibility_opportunity
1316,content_ce5fb58068f4,0.69,refresh_review,visibility_opportunity
1317,content_4c545c8cd9aa,0.69,refresh_review,visibility_opportunity
1318,content_a6280c3cc1ab,0.69,refresh_review,visibility_opportunity
1319,content_3f330598d1a6,0.69,refresh_review,visibility_opportunity
1320,content_5015acf50293,0.69,refresh_review,visibility_opportunity
1321,content_e1c9c3cb2e16,0.69,refresh_review,visibility_opportunity
1322,content_df1e8cee858c,0.685,refresh_review,visibility_opportunity
1323,content_cb04f30ff3a1,0.685,refresh_review,visibility_opportunity
1324,content_083bac35aa08,0.685,refresh_review,visibility_opportunity
1325,content_f7dee1b3c0b1,0.685,refresh_review,visibility_opportunity
1326,content_96bfb39cfdf8,0.685,refresh_review,stale_high_volume
1327,content_51c40ca43b1b,0.685,refresh_review,visibility_opportunity
1328,content_8c19996aa890,0.685,refresh_review,stale_high_volume
1329,content_933e7954d22e,0.685,refresh_review,visibility_opportunity
1330,content_03cbe5e8fb64,0.685,refresh_review,visibility_opportunity
1331,content_94bfb13f7c09,0.685,refresh_review,visibility_opportunity
1332,content_09f654d4117a,0.685,refresh_review,visibility_opportunity
1333,content_1ec9f9f698a6,0.685,refresh_review,visibility_opportunity
1334,content_184d181a6127,0.685,refresh_review,visibility_opportunity
1335,content_3f137ad7e218,0.685,refresh_review,visibility_opportunity
1336,content_9ae5157e9941,0.685,refresh_review,stale_high_volume
1337,content_c149dfab5d24,0.685,refresh_review,visibility_opportunity
1338,content_a35029d5d818,0.685,refresh_review,visibility_opportunity
1339,content_ec065688f94e,0.685,refresh_review,stale_high_volume
1340,content_925d5c673b05,0.685,refresh_review,visibility_opportunity
1341,content_70410e39532b,0.685,refresh_review,visibility_opportunity
1342,content_73eaf5c97fef,0.685,refresh_review,visibility_opportunity
1343,content_d7344dbc6ad1,0.685,refresh_review,stale_high_volume
1344,content_c98a488df236,0.685,refresh_review,stale_high_volume
1345,content_fd1c9be3a841,0.685,refresh_review,visibility_opportunity
1346,content_f104e59fa27b,0.685,refresh_review,stale_high_volume
1347,content_797cb8b2c397,0.685,refresh_review,stale_high_volume
1348,content_b774a3d92c71,0.685,refresh_review,visibility_opportunity
1349,content_96f71db7aa78,0.685,refresh_review,visibility_opportunity
1350,content_7bb178f70036,0.685,refresh_review,visibility_opportunity
1351,content_b430766c20c5,0.685,refresh_review,visibility_opportunity
1352,content_722d8cd002d3,0.685,refresh_review,visibility_opportunity
1353,content_8094eccaeb0a,0.685,refresh_review,visibility_opportunity
1354,content_01dd96037a80,0.685,refresh_review,visibility_opportunity
1355,content_0628102f4044,0.685,refresh_review,visibility_opportunity
1356,content_5252d63d75fc,0.685,refresh_review,visibility_opportunity
1357,content_1a46f575e474,0.685,refresh_review,visibility_opportunity
1358,content_1bf0002f60cc,0.685,refresh_review,stale_high_volume
1359,content_5e2a1d78391f,0.685,refresh_review,visibility_opportunity
1360,content_b3152ebe9e7e,0.685,refresh_review,stale_high_volume
1361,content_e31bcb95fda5,0.685,refresh_review,visibility_opportunity
1362,content_dc3c683bebb6,0.685,refresh_review,visibility_opportunity
1363,content_52a0cf81179f,0.68,refresh_review,stale_high_volume
1364,content_b0d2cb4e73a0,0.68,refresh_review,visibility_opportunity
1365,content_dcdffbdd5995,0.68,refresh_review,stale_high_volume
1366,content_a461c32f5504,0.68,refresh_review,visibility_opportunity
1367,content_77706e5871dd,0.68,refresh_review,visibility_opportunity
1368,content_89bb2df725d0,0.68,refresh_review,visibility_opportunity
1369,content_ab5c80e503da,0.68,refresh_review,stale_high_volume
1370,content_4fdcfe417b36,0.68,refresh_review,stale_high_volume
1371,content_2bc3b7c8b3d9,0.68,refresh_review,visibility_opportunity
1372,content_7205560591f9,0.68,refresh_review,stale_high_volume
1373,content_f40ee3f7157f,0.68,refresh_review,visibility_opportunity
1374,content_3787d07e1b9a,0.68,refresh_review,visibility_opportunity
1375,content_fca1bf3940c0,0.68,refresh_review,stale_high_volume
1376,content_c63e0af4b14a,0.68,refresh_review,visibility_opportunity
1377,content_14adfd402445,0.68,refresh_review,visibility_opportunity
1378,content_c1236dadfa71,0.68,refresh_review,stale_high_volume
1379,content_a7c9a38eb5f2,0.68,refresh_review,visibility_opportunity
1380,content_0d8c3d947522,0.68,refresh_review,visibility_opportunity
1381,content_5734a4695671,0.68,refresh_review,visibility_opportunity
1382,content_95cf24054018,0.68,refresh_review,visibility_opportunity
1383,content_f6037d96b81a,0.68,refresh_review,visibility_opportunity
1384,content_035b17df40a9,0.68,refresh_review,visibility_opportunity
1385,content_1fc27b966881,0.68,refresh_review,stale_high_volume
1386,content_fe90912d614c,0.68,refresh_review,stale_high_volume
1387,content_edae52c77f71,0.68,refresh_review,visibility_opportunity
1388,content_10acb87b3040,0.68,refresh_review,stale_high_volume
1389,content_2dc625dcdf98,0.68,refresh_review,stale_high_volume
1390,content_6674ae339044,0.68,refresh_review,visibility_opportunity
1391,content_34b33e6b67e1,0.68,refresh_review,visibility_opportunity
1392,content_f1fdcd6732e2,0.68,refresh_review,visibility_opportunity
1393,content_c0272c14b2fd,0.68,refresh_review,visibility_opportunity
1394,content_2b12869733c9,0.68,refresh_review,visibility_opportunity
1395,content_d14239ef4629,0.68,refresh_review,visibility_opportunity
1396,content_049ed55f04f1,0.675,refresh_review,visibility_opportunity
1397,content_cbb90faac06c,0.675,refresh_review,visibility_opportunity
1398,content_c1fffa18961c,0.675,refresh_review,visibility_opportunity
1399,content_224c277bdea9,0.675,refresh_review,visibility_opportunity
1400,content_1a47a3396608,0.675,refresh_review,stale_high_volume
1401,content_32a36b37175a,0.675,refresh_review,visibility_opportunity
1402,content_d72d7c2f021d,0.675,refresh_review,visibility_opportunity
1403,content_f698f57c8375,0.675,refresh_review,visibility_opportunity
1404,content_1162806e4b35,0.675,refresh_review,visibility_opportunity
1405,content_527d09d905c6,0.675,refresh_review,stale_high_volume
1406,content_78bc7e4b8a14,0.675,refresh_review,visibility_opportunity
1407,content_4accaefeb6ed,0.675,refresh_review,visibility_opportunity
1408,content_d5914cd8c53e,0.675,refresh_review,visibility_opportunity
1409,content_508f5c9b8535,0.675,refresh_review,visibility_opportunity
1410,content_fb872a887c75,0.675,refresh_review,stale_high_volume
1411,content_4336310eb7f3,0.675,refresh_review,stale_high_volume
1412,content_fbe8ef0607ee,0.675,refresh_review,visibility_opportunity
1413,content_db734dacfe53,0.675,refresh_review,visibility_opportunity
1414,content_6dfc96ae463c,0.675,refresh_review,visibility_opportunity
1415,content_1c5b4e73b153,0.675,refresh_review,visibility_opportunity
1416,content_3348fef1a464,0.675,refresh_review,stale_high_volume
1417,content_79d569cb12af,0.675,refresh_review,visibility_opportunity
1418,content_760586482668,0.675,refresh_review,stale_high_volume
1419,content_5de502fdd86c,0.675,refresh_review,visibility_opportunity
1420,content_97ac3ef99651,0.675,refresh_review,stale_high_volume
1421,content_1e14ade1f5c3,0.675,refresh_review,visibility_opportunity
1422,content_6d1c35c27ae1,0.675,refresh_review,stale_high_volume
1423,content_79c794728c6b,0.675,refresh_review,stale_high_volume
1424,content_1638f0d2a064,0.675,refresh_review,visibility_opportunity
1425,content_049c21f25031,0.675,refresh_review,stale_high_volume
1426,content_3751d616fe31,0.675,refresh_review,stale_high_volume
1427,content_5dfc8a15db06,0.675,refresh_review,stale_high_volume
1428,content_3aec04992cd8,0.67,refresh_review,visibility_opportunity
1429,content_12878065f88e,0.67,refresh_review,visibility_opportunity
1430,content_03ed3e554fc4,0.67,refresh_review,visibility_opportunity
1431,content_3ad79557bbdf,0.67,refresh_review,visibility_opportunity
1432,content_45a47b55f918,0.67,refresh_review,visibility_opportunity
1433,content_ab3dcd0f960b,0.67,refresh_review,stale_high_volume
1434,content_9bffe222a0f6,0.67,refresh_review,visibility_opportunity
1435,content_97fd095ebfd1,0.67,refresh_review,stale_high_volume
1436,content_c858cef28937,0.67,refresh_review,visibility_opportunity
1437,content_e489a56b1b9f,0.67,refresh_review,visibility_opportunity
1438,content_20ba5f5c60f7,0.67,refresh_review,visibility_opportunity
1439,content_d3cc8451ff4f,0.67,refresh_review,stale_high_volume
1440,content_8287d0133a5d,0.67,refresh_review,visibility_opportunity
1441,content_c694763d4685,0.67,refresh_review,stale_high_volume
1442,content_51e0c9b9c9f5,0.67,refresh_review,visibility_opportunity
1443,content_3da4f5c7b72e,0.67,refresh_review,visibility_opportunity
1444,content_9fef01942ba9,0.67,refresh_review,stale_high_volume
1445,content_ced8288da781,0.67,refresh_review,visibility_opportunity
1446,content_76f2da3eff85,0.67,refresh_review,stale_high_volume
1447,content_1b4a22e4abc0,0.67,refresh_review,visibility_opportunity
1448,content_ca2662a68168,0.67,refresh_review,visibility_opportunity
1449,content_b5db3c2e6d05,0.67,refresh_review,visibility_opportunity
1450,content_29ca977d3a23,0.67,refresh_review,visibility_opportunity
1451,content_60f028266daa,0.67,refresh_review,visibility_opportunity
1452,content_f58e588951ba,0.67,refresh_review,stale_high_volume
1453,content_d016173fedb8,0.67,refresh_review,stale_high_volume
1454,content_dd4ac84ca18a,0.67,refresh_review,visibility_opportunity
1455,content_1e0f4d1e74a2,0.67,refresh_review,visibility_opportunity
1456,content_29717601b959,0.67,refresh_review,visibility_opportunity
1457,content_d87561fb614e,0.67,refresh_review,visibility_opportunity
1458,content_bd4243bfed1d,0.67,refresh_review,visibility_opportunity
1459,content_9746794ea57e,0.67,refresh_review,stale_high_volume
1460,content_f02a7e05a948,0.67,refresh_review,visibility_opportunity
1461,content_fc980d6e8f57,0.67,refresh_review,stale_high_volume
1462,content_5773c94c67f5,0.67,refresh_review,visibility_opportunity
1463,content_c0ae32ed1997,0.67,refresh_review,visibility_opportunity
1464,content_de7b6e9dc165,0.67,refresh_review,stale_high_volume
1465,content_2ac6d92eda6c,0.665,refresh_review,stale_high_volume
1466,content_94d56e0730af,0.665,refresh_review,stale_high_volume
1467,content_fceefae1041d,0.665,refresh_review,stale_high_volume
1468,content_7915b1fbf8da,0.665,refresh_review,visibility_opportunity
1469,content_355a734d17c3,0.665,refresh_review,stale_high_volume
1470,content_6847b41c8804,0.665,refresh_review,stale_high_volume
1471,content_9eb3f1242600,0.665,refresh_review,visibility_opportunity
1472,content_298174f9d037,0.665,refresh_review,visibility_opportunity
1473,content_705eaf24be22,0.665,refresh_review,visibility_opportunity
1474,content_f43fe5f66ac0,0.665,refresh_review,visibility_opportunity
1475,content_96d0b45a2268,0.665,refresh_review,visibility_opportunity
1476,content_5cb45407a375,0.665,refresh_review,visibility_opportunity
1477,content_5f6999309bb5,0.665,refresh_review,visibility_opportunity
1478,content_27a2fd237adb,0.665,refresh_review,visibility_opportunity
1479,content_6f46e07fe3d9,0.665,refresh_review,stale_high_volume
1480,content_1408a4a1648c,0.665,refresh_review,visibility_opportunity
1481,content_4224b96648d2,0.665,refresh_review,visibility_opportunity
1482,content_21014db56b5a,0.665,refresh_review,visibility_opportunity
1483,content_14b2f0944105,0.665,refresh_review,stale_high_volume
1484,content_4c443177255c,0.665,refresh_review,stale_high_volume
1485,content_0ab852b18db8,0.665,refresh_review,visibility_opportunity
1486,content_3cf1dc2271b5,0.665,refresh_review,stale_high_volume
1487,content_0bcdcaf990cd,0.665,refresh_review,visibility_opportunity
1488,content_3d25f2a8e2ff,0.665,refresh_review,visibility_opportunity
1489,content_5589a28d0374,0.665,refresh_review,visibility_opportunity
1490,content_62a83935e642,0.665,refresh_review,stale_high_volume
1491,content_4752844167a2,0.665,refresh_review,stale_high_volume
1492,content_b003870be70a,0.665,refresh_review,visibility_opportunity
1493,content_961a949058a1,0.665,refresh_review,visibility_opportunity
1494,content_62e37736c612,0.665,refresh_review,visibility_opportunity
1495,content_d81d8c631f61,0.665,refresh_review,visibility_opportunity
1496,content_444e3caf7e18,0.665,refresh_review,stale_high_volume
1497,content_5b4f09067b32,0.665,refresh_review,visibility_opportunity
1498,content_3918aaea55e2,0.665,refresh_review,visibility_opportunity
1499,content_03e535eabfdc,0.665,refresh_review,visibility_opportunity
1500,content_8ebd59b1bdd6,0.665,refresh_review,visibility_opportunity
1501,content_212375a53741,0.665,refresh_review,stale_high_volume
1502,content_5d6c8d441274,0.665,refresh_review,visibility_opportunity
1503,content_1d4d78ba6371,0.665,refresh_review,stale_high_volume
1504,content_e098e0dd0032,0.665,refresh_review,visibility_opportunity
1505,content_b572f8dba3c4,0.665,refresh_review,visibility_opportunity
1506,content_72d7cb87d6e0,0.665,refresh_review,visibility_opportunity
1507,content_930f0a3aa87d,0.66,refresh_review,visibility_opportunity
1508,content_f9922b5e46b4,0.66,refresh_review,stale_high_volume
1509,content_b99f3def9646,0.66,refresh_review,visibility_opportunity
1510,content_f91f3b36edee,0.66,refresh_review,visibility_opportunity
1511,content_e1e94a14bf22,0.66,refresh_review,visibility_opportunity
1512,content_cf9f8ecdf9de,0.66,refresh_review,stale_high_volume
1513,content_809b527bca22,0.66,refresh_review,visibility_opportunity
1514,content_d3b495d2eab6,0.66,refresh_review,visibility_opportunity
1515,content_e5fd30b6e33b,0.66,refresh_review,visibility_opportunity
1516,content_0921985d4f41,0.66,refresh_review,visibility_opportunity
1517,content_865fd632a1f3,0.66,refresh_review,visibility_opportunity
1518,content_a351be29f266,0.66,refresh_review,stale_high_volume
1519,content_a45145406e5f,0.66,refresh_review,stale_high_volume
1520,content_48cecb04b88e,0.66,refresh_review,visibility_opportunity
1521,content_c6cffac60462,0.66,refresh_review,stale_high_volume
1522,content_1a6cb171bbc4,0.66,refresh_review,stale_high_volume
1523,content_ca17a024f90c,0.66,refresh_review,stale_high_volume
1524,content_0bdbd4bdafd6,0.66,refresh_review,visibility_opportunity
1525,content_2340513245dd,0.66,refresh_review,stale_high_volume
1526,content_7f305454dcb7,0.66,refresh_review,visibility_opportunity
1527,content_29915df7a8d8,0.66,refresh_review,stale_high_volume
1528,content_2ea7554a4b89,0.66,refresh_review,stale_high_volume
1529,content_b57e67ce3012,0.66,refresh_review,visibility_opportunity
1530,content_e68936f45a7a,0.66,refresh_review,visibility_opportunity
1531,content_47ad75f6e937,0.66,refresh_review,stale_high_volume
1532,content_587596d045d3,0.66,refresh_review,stale_high_volume
1533,content_fb866148d629,0.66,refresh_review,stale_high_volume
1534,content_7dfafed821a2,0.66,refresh_review,visibility_opportunity
1535,content_630136406522,0.66,refresh_review,stale_high_volume
1536,content_b23ecee1eaf1,0.66,refresh_review,stale_high_volume
1537,content_f562786a3f25,0.66,refresh_review,visibility_opportunity
1538,content_02f3c4b06ce9,0.66,refresh_review,stale_high_volume
1539,content_56c8c0345f61,0.66,refresh_review,visibility_opportunity
1540,content_696f7cd298e3,0.66,refresh_review,visibility_opportunity
1541,content_c4d96fe72d8f,0.66,refresh_review,visibility_opportunity
1542,content_16fbae3f28dd,0.66,refresh_review,visibility_opportunity
1543,content_b589cc886739,0.66,refresh_review,visibility_opportunity
1544,content_41bcf8c94876,0.66,refresh_review,stale_high_volume
1545,content_6ab7fd4c71af,0.66,refresh_review,stale_high_volume
1546,content_a808e255ed8d,0.66,refresh_review,visibility_opportunity
1547,content_d9dfe5461b23,0.66,refresh_review,visibility_opportunity
1548,content_0bcd69f8f068,0.66,refresh_review,visibility_opportunity
1549,content_81302b9ba806,0.655,refresh_review,visibility_opportunity
1550,content_605cd753b78d,0.655,refresh_review,visibility_opportunity
1551,content_96fa31b9f575,0.655,refresh_review,visibility_opportunity
1552,content_0e9c79c059c0,0.655,refresh_review,visibility_opportunity
1553,content_f6227c12b17b,0.655,refresh_review,visibility_opportunity
1554,content_fd3592295ab3,0.655,refresh_review,stale_high_volume
1555,content_0d469af9a59a,0.655,refresh_review,visibility_opportunity
1556,content_1777590f5506,0.655,refresh_review,visibility_opportunity
1557,content_70e80d66f0b0,0.655,refresh_review,visibility_opportunity
1558,content_6455e78f389f,0.655,refresh_review,visibility_opportunity
1559,content_c3deae21717a,0.655,refresh_review,stale_high_volume
1560,content_2b7643543b19,0.655,refresh_review,visibility_opportunity
1561,content_db5989a78dd3,0.655,refresh_review,stale_high_volume
1562,content_180c8ec7003d,0.655,refresh_review,stale_high_volume
1563,content_def571363dbc,0.655,refresh_review,visibility_opportunity
1564,content_ecda3e69d92d,0.655,refresh_review,visibility_opportunity
1565,content_cfef59c5d8c2,0.655,refresh_review,stale_high_volume
1566,content_da708a6f57ff,0.655,refresh_review,visibility_opportunity
1567,content_f3592d7f19d6,0.655,refresh_review,visibility_opportunity
1568,content_7dd047c5c133,0.655,refresh_review,stale_high_volume
1569,content_e6708d168e20,0.655,refresh_review,visibility_opportunity
1570,content_19a0ea97d3c9,0.655,refresh_review,stale_high_volume
1571,content_c5bf69f2eddc,0.655,refresh_review,visibility_opportunity
1572,content_e5cbbc8ed6b2,0.655,refresh_review,stale_high_volume
1573,content_42fbeef4da29,0.655,refresh_review,visibility_opportunity
1574,content_0a161787bb28,0.655,refresh_review,visibility_opportunity
1575,content_94d39841847a,0.655,refresh_review,stale_high_volume
1576,content_a640f4c92b1a,0.655,refresh_review,visibility_opportunity
1577,content_2fa6a97a3c70,0.655,refresh_review,stale_high_volume
1578,content_4315e2ea3148,0.655,refresh_review,visibility_opportunity
1579,content_0f1abc94c6bc,0.655,refresh_review,visibility_opportunity
1580,content_dbc9c60adb87,0.655,refresh_review,visibility_opportunity
1581,content_9e59c3c921cd,0.655,refresh_review,visibility_opportunity
1582,content_3c97b2d97f82,0.655,refresh_review,stale_high_volume
1583,content_4b125df758ad,0.655,refresh_review,stale_high_volume
1584,content_a1dfb0636e9c,0.655,refresh_review,stale_high_volume
1585,content_23f366c08715,0.655,refresh_review,stale_high_volume
1586,content_8f16a5524eee,0.655,refresh_review,visibility_opportunity
1587,content_572cf2566ada,0.655,refresh_review,stale_high_volume
1588,content_97804a37420a,0.655,refresh_review,visibility_opportunity
1589,content_c96be0d60f4d,0.65,refresh_review,visibility_opportunity
1590,content_0e00cf2d7787,0.65,refresh_review,visibility_opportunity
1591,content_ee405fb5af9b,0.65,refresh_review,stale_high_volume
1592,content_59d8f372c6f6,0.65,refresh_review,visibility_opportunity
1593,content_8a754b38aec3,0.65,refresh_review,visibility_opportunity
1594,content_de479c6d77d8,0.65,refresh_review,stale_high_volume
1595,content_10ec67c6a68d,0.65,refresh_review,visibility_opportunity
1596,content_93cf86dd5856,0.65,refresh_review,visibility_opportunity
1597,content_f7f6f3f8054e,0.65,refresh_review,visibility_opportunity
1598,content_515aa177eded,0.65,refresh_review,stale_high_volume
1599,content_0ee62fc45459,0.65,refresh_review,visibility_opportunity
1600,content_a61f639a5927,0.65,refresh_review,visibility_opportunity
1601,content_890e4beb286f,0.65,refresh_review,visibility_opportunity
1602,content_dbbce65d444a,0.65,refresh_review,visibility_opportunity
1603,content_25f7bcf2a206,0.65,refresh_review,visibility_opportunity
1604,content_e28ccaa8e211,0.65,refresh_review,stale_high_volume
1605,content_ac23cfe2f09f,0.65,refresh_review,visibility_opportunity
1606,content_954b881ec7a5,0.65,refresh_review,visibility_opportunity
1607,content_f297b6d960a2,0.65,refresh_review,stale_high_volume
1608,content_82572b951646,0.65,refresh_review,stale_high_volume
1609,content_fda1eff38425,0.65,refresh_review,visibility_opportunity
1610,content_64af609a6bd6,0.65,refresh_review,visibility_opportunity
1611,content_a9a777f92572,0.65,refresh_review,visibility_opportunity
1612,content_721a36a0da7a,0.645,refresh_review,visibility_opportunity
1613,content_e0995c3f3180,0.645,refresh_review,stale_high_volume
1614,content_7f6b72253c41,0.645,refresh_review,visibility_opportunity
1615,content_c6bb205d5263,0.645,refresh_review,visibility_opportunity
1616,content_2978fdbfef25,0.645,refresh_review,visibility_opportunity
1617,content_5473f08b2acf,0.645,refresh_review,visibility_opportunity
1618,content_9066e7c9a8ba,0.645,refresh_review,visibility_opportunity
1619,content_f91ec1c7af3d,0.645,refresh_review,stale_high_volume
1620,content_9de8749fb755,0.645,refresh_review,stale_high_volume
1621,content_b0d74ee35a20,0.645,refresh_review,visibility_opportunity
1622,content_3e6b7a62d22e,0.645,refresh_review,visibility_opportunity
1623,content_68c60a712a93,0.645,refresh_review,visibility_opportunity
1624,content_cdec88cffa93,0.645,refresh_review,visibility_opportunity
1625,content_f38b1995eb3a,0.645,refresh_review,stale_high_volume
1626,content_a7a65d30b371,0.645,refresh_review,stale_high_volume
1627,content_89df11e2b77d,0.645,refresh_review,visibility_opportunity
1628,content_fc1fcfcd270a,0.645,refresh_review,visibility_opportunity
1629,content_831cc0a27ac2,0.645,refresh_review,stale_high_volume
1630,content_ddb55d79736a,0.645,refresh_review,visibility_opportunity
1631,content_7638b4f1674a,0.645,refresh_review,stale_high_volume
1632,content_b51992d6cbc2,0.645,refresh_review,visibility_opportunity
1633,content_a8e7c7cb4285,0.645,refresh_review,stale_high_volume
1634,content_1771a1a3c43c,0.645,refresh_review,visibility_opportunity
1635,content_3963f4800442,0.645,refresh_review,visibility_opportunity
1636,content_8c0494cbb9e0,0.645,refresh_review,visibility_opportunity
1637,content_aa1b658b630d,0.645,refresh_review,stale_high_volume
1638,content_7886cb5e760f,0.645,refresh_review,visibility_opportunity
1639,content_1818502f80f4,0.645,refresh_review,visibility_opportunity
1640,content_357be7c784ab,0.645,refresh_review,visibility_opportunity
1641,content_ec521b760d7c,0.645,refresh_review,stale_high_volume
1642,content_989e93d58ab9,0.645,refresh_review,stale_high_volume
1643,content_e1f84315336e,0.645,refresh_review,stale_high_volume
1644,content_b9ed6b3964b5,0.645,refresh_review,visibility_opportunity
1645,content_eda627386bb8,0.645,refresh_review,visibility_opportunity
1646,content_6553f210db6d,0.645,refresh_review,stale_high_volume
1647,content_054affecaba3,0.645,refresh_review,visibility_opportunity
1648,content_6b725466b374,0.645,refresh_review,visibility_opportunity
1649,content_8f0b94aecf20,0.645,refresh_review,stale_high_volume
1650,content_04a7a1b7b5ec,0.645,refresh_review,stale_high_volume
1651,content_326a540b3a6e,0.645,refresh_review,visibility_opportunity
1652,content_d4fb9c8391a0,0.64,refresh_review,visibility_opportunity
1653,content_5b8756caaf86,0.64,refresh_review,visibility_opportunity
1654,content_455158d1a57c,0.64,refresh_review,stale_high_volume
1655,content_9e67fb86d1a0,0.64,refresh_review,visibility_opportunity
1656,content_f1303b831387,0.64,refresh_review,visibility_opportunity
1657,content_a4e295be3ba1,0.64,refresh_review,visibility_opportunity
1658,content_bfc905a9dcb9,0.64,refresh_review,visibility_opportunity
1659,content_33da44cb09c9,0.64,refresh_review,stale_high_volume
1660,content_39e637a9cd2b,0.64,refresh_review,visibility_opportunity
1661,content_a235b8bfea91,0.64,refresh_review,stale_high_volume
1662,content_3d522349ef4d,0.64,refresh_review,visibility_opportunity
1663,content_444cb6541fc2,0.64,refresh_review,visibility_opportunity
1664,content_e66dd89749be,0.64,refresh_review,stale_high_volume
1665,content_e9e627bf28b4,0.64,refresh_review,visibility_opportunity
1666,content_7cddffe05038,0.64,refresh_review,visibility_opportunity
1667,content_fd93be360517,0.64,refresh_review,visibility_opportunity
1668,content_b3e1de4781f5,0.64,refresh_review,visibility_opportunity
1669,content_9f891a53f544,0.64,refresh_review,visibility_opportunity
1670,content_8f14317ab383,0.64,refresh_review,visibility_opportunity
1671,content_e61f3ae17a12,0.64,refresh_review,visibility_opportunity
1672,content_bc3b1ade373b,0.64,refresh_review,visibility_opportunity
1673,content_e073b1683880,0.64,refresh_review,visibility_opportunity
1674,content_68fb5ccdc5a2,0.64,refresh_review,visibility_opportunity
1675,content_fbf521ee13d6,0.64,refresh_review,visibility_opportunity
1676,content_6e1712f8e971,0.64,refresh_review,visibility_opportunity
1677,content_e6519623a098,0.64,refresh_review,visibility_opportunity
1678,content_66a9e17988f9,0.64,refresh_review,visibility_opportunity
1679,content_d0c0549597ab,0.64,refresh_review,visibility_opportunity
1680,content_4502b805a249,0.64,refresh_review,stale_high_volume
1681,content_b3bb1add4be2,0.64,refresh_review,visibility_opportunity
1682,content_aec533ecc99f,0.64,refresh_review,stale_high_volume
1683,content_1aa08950fe0d,0.64,refresh_review,visibility_opportunity
1684,content_07b0988606b3,0.64,refresh_review,visibility_opportunity
1685,content_7703de337d05,0.64,refresh_review,visibility_opportunity
1686,content_7fa63804b8f1,0.64,refresh_review,stale_high_volume
1687,content_167cb3631905,0.64,refresh_review,stale_high_volume
1688,content_b97c5ddb8a21,0.64,refresh_review,stale_high_volume
1689,content_df71843dcd17,0.64,refresh_review,stale_high_volume
1690,content_307acf0a4233,0.635,refresh_review,stale_high_volume
1691,content_a07cf932b2f1,0.635,refresh_review,visibility_opportunity
1692,content_9cbc771ec4d9,0.635,refresh_review,stale_high_volume
1693,content_f3c7143e3354,0.635,refresh_review,stale_high_volume
1694,content_d2401f998575,0.635,refresh_review,stale_high_volume
1695,content_ea1fdec27b19,0.635,refresh_review,visibility_opportunity
1696,content_31bd7e88b345,0.635,refresh_review,visibility_opportunity
1697,content_5072890ee893,0.635,refresh_review,visibility_opportunity
1698,content_0193115aa8e6,0.635,refresh_review,visibility_opportunity
1699,content_c9b9c9e939d1,0.635,refresh_review,visibility_opportunity
1700,content_11e1b56eb703,0.635,refresh_review,stale_high_volume
1701,content_9fb4690a909c,0.635,refresh_review,visibility_opportunity
1702,content_97ec8ce69833,0.635,refresh_review,visibility_opportunity
1703,content_de5087a874a9,0.635,refresh_review,visibility_opportunity
1704,content_2ee8ae59b9c6,0.635,refresh_review,stale_high_volume
1705,content_2f0d111f7ba6,0.635,refresh_review,stale_high_volume
1706,content_fdde7746e070,0.635,refresh_review,visibility_opportunity
1707,content_4a0cb29a4fdb,0.635,refresh_review,visibility_opportunity
1708,content_e99bfecfd83d,0.635,refresh_review,stale_high_volume
1709,content_b96eec1b6dfe,0.635,refresh_review,visibility_opportunity
1710,content_82546ff63ded,0.635,refresh_review,stale_high_volume
1711,content_63484de88c09,0.635,refresh_review,visibility_opportunity
1712,content_c9666ca71957,0.635,refresh_review,stale_high_volume
1713,content_676240affafe,0.635,refresh_review,stale_high_volume
1714,content_17ca2437325a,0.635,refresh_review,visibility_opportunity
1715,content_b054abd6b94e,0.635,refresh_review,stale_high_volume
1716,content_8107a77b97f7,0.635,refresh_review,stale_high_volume
1717,content_4f4baf5fcb8c,0.635,refresh_review,visibility_opportunity
1718,content_e906960b0d12,0.635,refresh_review,visibility_opportunity
1719,content_304f48230142,0.635,refresh_review,visibility_opportunity
1720,content_ce154fd0f9ba,0.63,refresh_review,stale_high_volume
1721,content_d190176a9a74,0.63,refresh_review,visibility_opportunity
1722,content_ecbaa580fb86,0.63,refresh_review,visibility_opportunity
1723,content_34c0c51255aa,0.63,refresh_review,visibility_opportunity
1724,content_4ef69f179958,0.63,refresh_review,visibility_opportunity
1725,content_fe89530e5915,0.63,refresh_review,visibility_opportunity
1726,content_8cdfce582697,0.63,refresh_review,visibility_opportunity
1727,content_9935b649795f,0.63,refresh_review,visibility_opportunity
1728,content_d012390a3973,0.63,refresh_review,visibility_opportunity
1729,content_da5d26410ae1,0.63,refresh_review,stale_high_volume
1730,content_09b9a4d97410,0.63,refresh_review,stale_high_volume
1731,content_206b16537b0e,0.63,refresh_review,stale_high_volume
1732,content_b6f781c2cfc5,0.63,refresh_review,visibility_opportunity
1733,content_642745013260,0.63,refresh_review,visibility_opportunity
1734,content_f5330c56f1ca,0.63,refresh_review,visibility_opportunity
1735,content_2ed48493988d,0.63,refresh_review,visibility_opportunity
1736,content_d274ac4158ef,0.63,refresh_review,stale_high_volume
1737,content_ba327fc280e4,0.63,refresh_review,visibility_opportunity
1738,content_e95b2b9494b9,0.63,refresh_review,stale_high_volume
1739,content_b02bb8123605,0.63,refresh_review,visibility_opportunity
1740,content_ffaa01d849f7,0.63,refresh_review,stale_high_volume
1741,content_8ff4e95a1d24,0.63,refresh_review,visibility_opportunity
1742,content_4a57b073f66c,0.63,refresh_review,stale_high_volume
1743,content_fb9c5a3a9427,0.63,refresh_review,visibility_opportunity
1744,content_225d4d660659,0.63,refresh_review,stale_high_volume
1745,content_9e53e39d27c6,0.63,refresh_review,stale_high_volume
1746,content_7915259fbbc4,0.63,refresh_review,visibility_opportunity
1747,content_ab46905e22f7,0.63,refresh_review,visibility_opportunity
1748,content_7d7be59d2100,0.63,refresh_review,stale_high_volume
1749,content_98c2d37fbc35,0.63,refresh_review,visibility_opportunity
1750,content_80d1246ba555,0.63,refresh_review,visibility_opportunity
1751,content_8279726d9928,0.63,refresh_review,stale_high_volume
1752,content_0e32afb161b0,0.63,refresh_review,stale_high_volume
1753,content_d872af5e4d49,0.63,refresh_review,visibility_opportunity
1754,content_3d0c269c0e8e,0.63,refresh_review,stale_high_volume
1755,content_4002e38e9d64,0.63,refresh_review,visibility_opportunity
1756,content_0eae5bca3f17,0.63,refresh_review,visibility_opportunity
1757,content_7cd9b5db3ea1,0.63,refresh_review,visibility_opportunity
1758,content_6baf06e6e0f1,0.625,refresh_review,stale_high_volume
1759,content_51985aaaf937,0.625,refresh_review,stale_high_volume
1760,content_0da78e231915,0.625,refresh_review,stale_high_volume
1761,content_c6599698a7a7,0.625,refresh_review,visibility_opportunity
1762,content_8bf9c4807ad7,0.625,refresh_review,stale_high_volume
1763,content_55e155d5dddd,0.625,refresh_review,stale_high_volume
1764,content_6d69230ca905,0.625,refresh_review,visibility_opportunity
1765,content_1f5837d276bd,0.625,refresh_review,visibility_opportunity
1766,content_b662dbf2fbf3,0.625,refresh_review,visibility_opportunity
1767,content_4e4c3c7d57a1,0.625,refresh_review,visibility_opportunity
1768,content_fac19fcdfb85,0.625,refresh_review,stale_high_volume
1769,content_fd416252ca35,0.625,refresh_review,stale_high_volume
1770,content_6a56ebe835eb,0.625,refresh_review,visibility_opportunity
1771,content_1aa0c0e14f87,0.625,refresh_review,visibility_opportunity
1772,content_2f99e0fa3453,0.625,refresh_review,stale_high_volume
1773,content_9dfd7c62ed5c,0.625,refresh_review,stale_high_volume
1774,content_17dde6e2a013,0.625,refresh_review,visibility_opportunity
1775,content_5d4f1744b4ea,0.625,refresh_review,visibility_opportunity
1776,content_aec39ca4baa1,0.625,refresh_review,visibility_opportunity
1777,content_ec301d20bffd,0.625,refresh_review,stale_high_volume
1778,content_d83aae71922d,0.625,refresh_review,visibility_opportunity
1779,content_9bb66cc3e9d6,0.625,refresh_review,visibility_opportunity
1780,content_453722754fea,0.625,refresh_review,visibility_opportunity
1781,content_c47e82e01e20,0.625,refresh_review,stale_high_volume
1782,content_eedc16a08bf7,0.625,refresh_review,visibility_opportunity
1783,content_32ea6aa8091a,0.625,refresh_review,stale_high_volume
1784,content_f45787e64ac2,0.625,refresh_review,stale_high_volume
1785,content_1e7e9344ae09,0.625,refresh_review,stale_high_volume
1786,content_70d302cdbdec,0.625,refresh_review,visibility_opportunity
1787,content_8e504993ed57,0.625,refresh_review,visibility_opportunity
1788,content_8c37a11fbbc3,0.625,refresh_review,visibility_opportunity
1789,content_ad6aeae9e0a0,0.625,refresh_review,stale_high_volume
1790,content_4d2355fcaed0,0.625,refresh_review,visibility_opportunity
1791,content_10631c73d253,0.625,refresh_review,visibility_opportunity
1792,content_f0f639eb2f80,0.625,refresh_review,stale_high_volume
1793,content_5fceaeaa11bf,0.625,refresh_review,stale_high_volume
1794,content_ced08f8ea1ac,0.625,refresh_review,stale_high_volume
1795,content_1e9bca8d5b0a,0.625,refresh_review,visibility_opportunity
1796,content_c7c93b0f5df0,0.62,refresh_review,stale_high_volume
1797,content_ee115d2afa45,0.62,refresh_review,visibility_opportunity
1798,content_3ab81beabc8f,0.62,refresh_review,visibility_opportunity
1799,content_11900bd7941a,0.62,refresh_review,stale_high_volume
1800,content_dd56958385a4,0.62,refresh_review,stale_high_volume
1801,content_9c5cac171e63,0.62,refresh_review,visibility_opportunity
1802,content_8ed8dc20f1a3,0.62,refresh_review,visibility_opportunity
1803,content_a851ef13c4b5,0.62,refresh_review,visibility_opportunity
1804,content_278982959883,0.62,refresh_review,stale_high_volume
1805,content_93172cd5b05f,0.62,refresh_review,visibility_opportunity
1806,content_516d51b2955c,0.62,refresh_review,stale_high_volume
1807,content_fa4b8e00edf9,0.62,refresh_review,stale_high_volume
1808,content_e34f363dbf39,0.62,refresh_review,stale_high_volume
1809,content_c6bf8be3e38a,0.62,refresh_review,stale_high_volume
1810,content_f3a4a0cd98cc,0.62,refresh_review,stale_high_volume
1811,content_e04b14da018b,0.62,refresh_review,stale_high_volume
1812,content_3884c87c8828,0.62,refresh_review,visibility_opportunity
1813,content_4ab1528abdbd,0.62,refresh_review,visibility_opportunity
1814,content_46daac72bec3,0.62,refresh_review,stale_high_volume
1815,content_d1c9dabdb14b,0.62,refresh_review,visibility_opportunity
1816,content_c2b6d4935838,0.62,refresh_review,visibility_opportunity
1817,content_2e5461c6fe96,0.62,refresh_review,stale_high_volume
1818,content_de74413100cf,0.62,refresh_review,stale_high_volume
1819,content_4ad7a7f44bcf,0.62,refresh_review,stale_high_volume
1820,content_fd15559290a1,0.62,refresh_review,visibility_opportunity
1821,content_79878d990b26,0.62,refresh_review,stale_high_volume
1822,content_721dd9bf180c,0.62,refresh_review,visibility_opportunity
1823,content_f4e4a8ee9d37,0.62,refresh_review,visibility_opportunity
1824,content_31d09b61ad7f,0.62,refresh_review,visibility_opportunity
1825,content_87fa79bb8ec0,0.62,refresh_review,visibility_opportunity
1826,content_1a8b085d3f40,0.615,refresh_review,visibility_opportunity
1827,content_362b4a231f6a,0.615,refresh_review,visibility_opportunity
1828,content_99e950310e54,0.615,refresh_review,visibility_opportunity
1829,content_8f8de26e32ef,0.615,refresh_review,visibility_opportunity
1830,content_f560a011a094,0.615,refresh_review,visibility_opportunity
1831,content_a6a2cf0626ad,0.615,refresh_review,visibility_opportunity
1832,content_dd3e4df749a3,0.615,refresh_review,visibility_opportunity
1833,content_8eaadfa0d6c8,0.615,refresh_review,visibility_opportunity
1834,content_aea31198122f,0.615,refresh_review,stale_high_volume
1835,content_42605406bb2e,0.615,refresh_review,stale_high_volume
1836,content_ed680797b687,0.615,refresh_review,visibility_opportunity
1837,content_3056e1568e84,0.615,refresh_review,visibility_opportunity
1838,content_3c1dc5698b82,0.615,refresh_review,visibility_opportunity
1839,content_84de392e7864,0.615,refresh_review,visibility_opportunity
1840,content_8e1e06655e78,0.615,refresh_review,visibility_opportunity
1841,content_649c63664f77,0.615,refresh_review,visibility_opportunity
1842,content_48ba789153a4,0.615,refresh_review,visibility_opportunity
1843,content_243eb4a5388e,0.615,refresh_review,visibility_opportunity
1844,content_f6bf66378677,0.615,refresh_review,visibility_opportunity
1845,content_3d2aceccb708,0.615,refresh_review,stale_high_volume
1846,content_d173a4758ef4,0.615,refresh_review,visibility_opportunity
1847,content_f05beee7738a,0.615,refresh_review,visibility_opportunity
1848,content_fb937217a0d0,0.615,refresh_review,stale_high_volume
1849,content_6fedd340cb01,0.615,refresh_review,stale_high_volume
1850,content_a060b47e2355,0.615,refresh_review,stale_high_volume
1851,content_e540f63bc134,0.615,refresh_review,stale_high_volume
1852,content_72d42cc22e2c,0.615,refresh_review,stale_high_volume
1853,content_07f0d247ca66,0.615,refresh_review,visibility_opportunity
1854,content_357185a7b5a2,0.615,refresh_review,visibility_opportunity
1855,content_8f6b2d2420ed,0.615,refresh_review,stale_high_volume
1856,content_effca28a4e4f,0.615,refresh_review,visibility_opportunity
1857,content_fbad54d7a5dc,0.615,refresh_review,visibility_opportunity
1858,content_8734ef61fd7b,0.615,refresh_review,visibility_opportunity
1859,content_36454dbe0dba,0.615,refresh_review,visibility_opportunity
1860,content_b5a67fbd43b7,0.615,refresh_review,stale_high_volume
1861,content_260e6ad0e62b,0.615,refresh_review,stale_high_volume
1862,content_92dfd4fe1208,0.615,refresh_review,visibility_opportunity
1863,content_676074f0d01d,0.615,refresh_review,visibility_opportunity
1864,content_9983d31c53cb,0.615,refresh_review,stale_high_volume
1865,content_21451907bcab,0.615,refresh_review,visibility_opportunity
1866,content_213de49d5c4b,0.615,refresh_review,visibility_opportunity
1867,content_80c661c29540,0.615,refresh_review,visibility_opportunity
1868,content_1fc08ac27f1a,0.615,refresh_review,stale_high_volume
1869,content_5588ef6ef806,0.615,refresh_review,stale_high_volume
1870,content_27a228f76e45,0.61,refresh_review,visibility_opportunity
1871,content_9e40f2d86a76,0.61,refresh_review,stale_high_volume
1872,content_ee3cfc4bb633,0.61,refresh_review,stale_high_volume
1873,content_edb580f0a76f,0.61,refresh_review,stale_high_volume
1874,content_13f239ae855d,0.61,refresh_review,visibility_opportunity
1875,content_65ee5d8a33e6,0.61,refresh_review,stale_high_volume
1876,content_39fdb8374b46,0.61,refresh_review,stale_high_volume
1877,content_e68467f4f883,0.61,refresh_review,stale_high_volume
1878,content_dce9528e18b1,0.61,refresh_review,stale_high_volume
1879,content_2d953d501d3c,0.61,refresh_review,visibility_opportunity
1880,content_23c380f126ad,0.61,refresh_review,visibility_opportunity
1881,content_bf212b1edf1a,0.61,refresh_review,visibility_opportunity
1882,content_ab4f555bd77b,0.61,refresh_review,visibility_opportunity
1883,content_43cb776e3a3d,0.61,refresh_review,stale_high_volume
1884,content_d12432b0eab6,0.61,refresh_review,stale_high_volume
1885,content_1245a9eeb0d2,0.61,refresh_review,stale_high_volume
1886,content_36991252f44a,0.61,refresh_review,stale_high_volume
1887,content_b683aad86df3,0.61,refresh_review,visibility_opportunity
1888,content_2c3fb52e5e58,0.61,refresh_review,visibility_opportunity
1889,content_b2cb21940b47,0.61,refresh_review,visibility_opportunity
1890,content_ab7e67e9480c,0.61,refresh_review,stale_high_volume
1891,content_b658db887566,0.61,refresh_review,stale_high_volume
1892,content_63d0519f9abe,0.61,refresh_review,visibility_opportunity
1893,content_3450b1d3ade7,0.61,refresh_review,visibility_opportunity
1894,content_76c727fa77d3,0.61,refresh_review,stale_high_volume
1895,content_3efd1f7a5dde,0.61,refresh_review,visibility_opportunity
1896,content_54c6dd186259,0.61,refresh_review,stale_high_volume
1897,content_47d1c96b333f,0.61,refresh_review,visibility_opportunity
1898,content_df90bf6b7d9c,0.61,refresh_review,visibility_opportunity
1899,content_db3e957e3665,0.61,refresh_review,visibility_opportunity
1900,content_50099eee4104,0.61,refresh_review,stale_high_volume
1901,content_b4a958cbe9eb,0.61,refresh_review,stale_high_volume
1902,content_b9b869d9cb84,0.61,refresh_review,visibility_opportunity
1903,content_d52d69802c75,0.61,refresh_review,stale_high_volume
1904,content_f221e6901462,0.61,refresh_review,stale_high_volume
1905,content_90fbb97f99f4,0.61,refresh_review,stale_high_volume
1906,content_0c0d41e86269,0.61,refresh_review,visibility_opportunity
1907,content_945104091464,0.61,refresh_review,stale_high_volume
1908,content_c9b099f3ff17,0.61,refresh_review,visibility_opportunity
1909,content_a5f41d4af8c3,0.61,refresh_review,stale_high_volume
1910,content_c80c3f8587ae,0.605,refresh_review,visibility_opportunity
1911,content_17976e270c5a,0.605,refresh_review,visibility_opportunity
1912,content_ebdf79b83122,0.605,refresh_review,visibility_opportunity
1913,content_e954c9e72773,0.605,refresh_review,stale_high_volume
1914,content_f6e0aa532239,0.605,refresh_review,stale_high_volume
1915,content_466386c747aa,0.605,refresh_review,stale_high_volume
1916,content_db67d66d6b52,0.605,refresh_review,visibility_opportunity
1917,content_e0b08ad65f5b,0.605,refresh_review,stale_high_volume
1918,content_4d9ab09aad97,0.605,refresh_review,stale_high_volume
1919,content_d65a65136d15,0.605,refresh_review,visibility_opportunity
1920,content_63dfb10d2ca8,0.605,refresh_review,stale_high_volume
1921,content_c66f2e695f40,0.605,refresh_review,visibility_opportunity
1922,content_3217f08710e3,0.605,refresh_review,visibility_opportunity
1923,content_7f7e453e77d5,0.605,refresh_review,visibility_opportunity
1924,content_8a6c6eaff6c1,0.605,refresh_review,stale_high_volume
1925,content_fe4e78e9e73f,0.605,refresh_review,visibility_opportunity
1926,content_ba6b0284b1e0,0.605,refresh_review,stale_high_volume
1927,content_cd2d7b379cbd,0.605,refresh_review,stale_high_volume
1928,content_d956330d0864,0.605,refresh_review,visibility_opportunity
1929,content_4beb70d19972,0.605,refresh_review,stale_high_volume
1930,content_8fdf7d642814,0.605,refresh_review,stale_high_volume
1931,content_848adc98b9ce,0.605,refresh_review,stale_high_volume
1932,content_bac3ceaede0e,0.605,refresh_review,stale_high_volume
1933,content_1ba13a48ba44,0.605,refresh_review,stale_high_volume
1934,content_53dbc1ffcf0b,0.605,refresh_review,visibility_opportunity
1935,content_afc42ff6c1f7,0.605,refresh_review,visibility_opportunity
1936,content_d8bd68dc086f,0.605,refresh_review,visibility_opportunity
1937,content_3b3fcb7e1a90,0.605,refresh_review,visibility_opportunity
1938,content_f41eae0e83eb,0.605,refresh_review,visibility_opportunity
1939,content_df8d78d63c14,0.605,refresh_review,visibility_opportunity
1940,content_d92fe3883103,0.605,refresh_review,visibility_opportunity
1941,content_e5705e13fa26,0.605,refresh_review,visibility_opportunity
1942,content_7699bf350645,0.605,refresh_review,visibility_opportunity
1943,content_c0055c33c130,0.605,refresh_review,visibility_opportunity
1944,content_97fb04e5dda6,0.605,refresh_review,visibility_opportunity
1945,content_e4fa44b97c8d,0.605,refresh_review,visibility_opportunity
1946,content_d885bca1f73f,0.605,refresh_review,stale_high_volume
1947,content_b01145d879b7,0.605,refresh_review,visibility_opportunity
1948,content_c19817a1ca36,0.605,refresh_review,visibility_opportunity
1949,content_440a8174f928,0.605,refresh_review,stale_high_volume
1950,content_182836721d18,0.605,refresh_review,visibility_opportunity
1951,content_935e3a857b86,0.6,refresh_review,stale_high_volume
1952,content_29951869a199,0.6,refresh_review,visibility_opportunity
1953,content_456941ba1541,0.6,refresh_review,visibility_opportunity
1954,content_4a9b9ed29b10,0.6,refresh_review,visibility_opportunity
1955,content_cdd4dfeea367,0.6,refresh_review,visibility_opportunity
1956,content_6d6fd94f1cac,0.6,refresh_review,stale_high_volume
1957,content_9f9167bde500,0.6,refresh_review,stale_high_volume
1958,content_1935a0f59861,0.6,refresh_review,stale_high_volume
1959,content_f0717373e86e,0.6,refresh_review,visibility_opportunity
1960,content_a864a66b79e8,0.6,refresh_review,visibility_opportunity
1961,content_4af6d609067b,0.6,refresh_review,visibility_opportunity
1962,content_45b7ba1087e0,0.6,refresh_review,visibility_opportunity
1963,content_3261a57ccfeb,0.6,refresh_review,visibility_opportunity
1964,content_5e2eda7398eb,0.6,refresh_review,visibility_opportunity
1965,content_1123b27c2c89,0.6,refresh_review,visibility_opportunity
1966,content_65eed1d86876,0.6,refresh_review,visibility_opportunity
1967,content_9d511fbc89e3,0.6,refresh_review,visibility_opportunity
1968,content_59096ebd4b04,0.6,refresh_review,visibility_opportunity
1969,content_e5f459e737b7,0.6,refresh_review,visibility_opportunity
1970,content_7959cb7d586f,0.6,refresh_review,visibility_opportunity
1971,content_374e795aab68,0.6,refresh_review,visibility_opportunity
1972,content_66a116641435,0.6,refresh_review,visibility_opportunity
1973,content_0d3a62dce5e3,0.6,refresh_review,visibility_opportunity
1974,content_56645f60b0d7,0.6,refresh_review,stale_high_volume
1975,content_b138c0b35a91,0.6,refresh_review,stale_high_volume
1976,content_37767b424074,0.6,refresh_review,visibility_opportunity
1977,content_5252de544d98,0.6,refresh_review,stale_high_volume
1978,content_f37e09f687bf,0.6,refresh_review,stale_high_volume
1979,content_684d7808f894,0.6,refresh_review,visibility_opportunity
1980,content_d516275e106e,0.6,refresh_review,stale_high_volume
1981,content_0ac4a4e97bd9,0.6,refresh_review,stale_high_volume
1982,content_a0f86b9cd7a5,0.6,refresh_review,stale_high_volume
1983,content_8ef5d43bb725,0.6,refresh_review,visibility_opportunity
1984,content_b8c492350d06,0.6,refresh_review,visibility_opportunity
1985,content_e1db7ede3c55,0.6,refresh_review,stale_high_volume
1986,content_b5efa0bd73ec,0.6,refresh_review,stale_high_volume
1987,content_92ad918a6cc5,0.6,refresh_review,visibility_opportunity
1988,content_c89fa662f881,0.6,refresh_review,visibility_opportunity
1989,content_116c5be9609e,0.6,refresh_review,visibility_opportunity
1990,content_93fda401256d,0.6,refresh_review,visibility_opportunity
1991,content_3eb42026ac67,0.6,refresh_review,visibility_opportunity
1992,content_6d413f45ce9c,0.6,refresh_review,visibility_opportunity
1993,content_69b003d534fd,0.6,refresh_review,visibility_opportunity
1994,content_4c36c775b818,0.6,refresh_review,stale_high_volume
1995,content_49477c375c09,0.6,refresh_review,stale_high_volume
1996,content_5983f14e4266,0.595,refresh_review,stale_high_volume
1997,content_bcc1e8e2646d,0.595,refresh_review,stale_high_volume
1998,content_e9e01655126c,0.595,refresh_review,stale_high_volume
1999,content_47fbca263b16,0.595,refresh_review,visibility_opportunity
2000,content_188060555694,0.595,refresh_review,visibility_opportunity
2001,content_d4e21a886ef8,0.595,refresh_review,stale_high_volume
2002,content_08951d3e71ad,0.595,refresh_review,stale_high_volume
2003,content_aa9a5ef1d884,0.595,refresh_review,visibility_opportunity
2004,content_908524a6828a,0.595,refresh_review,stale_high_volume
2005,content_bdedfb3df168,0.595,refresh_review,visibility_opportunity
2006,content_8fe57443675e,0.595,refresh_review,stale_high_volume
2007,content_82107ddb4e14,0.595,refresh_review,visibility_opportunity
2008,content_ee6b25664a03,0.595,refresh_review,visibility_opportunity
2009,content_b15fab8b1b86,0.595,refresh_review,visibility_opportunity
2010,content_cfc68620808e,0.595,refresh_review,visibility_opportunity
2011,content_38f7cf7073f0,0.595,refresh_review,visibility_opportunity
2012,content_e5a9e727df95,0.595,refresh_review,visibility_opportunity
2013,content_414627c66f75,0.595,refresh_review,visibility_opportunity
2014,content_2bf7b6b90bfa,0.595,refresh_review,stale_high_volume
2015,content_6882583fb48d,0.595,refresh_review,stale_high_volume
2016,content_d5fd572a925f,0.595,refresh_review,visibility_opportunity
2017,content_99af6f9fbda3,0.595,refresh_review,visibility_opportunity
2018,content_c14777a03767,0.595,refresh_review,visibility_opportunity
2019,content_777f6b11a8eb,0.595,refresh_review,stale_high_volume
2020,content_a0ef8e0ff439,0.595,refresh_review,stale_high_volume
2021,content_ada6dc9b65c6,0.595,refresh_review,visibility_opportunity
2022,content_65f5983ec5f7,0.595,refresh_review,stale_high_volume
2023,content_32a3582ed699,0.595,refresh_review,visibility_opportunity
2024,content_a1a827133643,0.595,refresh_review,visibility_opportunity
2025,content_c82a63988e25,0.595,refresh_review,stale_high_volume
2026,content_830b63c8dbac,0.595,refresh_review,stale_high_volume
2027,content_82ec46d63e74,0.595,refresh_review,visibility_opportunity
2028,content_25e671bfdca0,0.595,refresh_review,stale_high_volume
2029,content_ea1569d6257e,0.595,refresh_review,visibility_opportunity
2030,content_1b2599d94e29,0.595,refresh_review,visibility_opportunity
2031,content_348434e40ce7,0.595,refresh_review,stale_high_volume
2032,content_f6ae0f36d70d,0.595,refresh_review,visibility_opportunity
2033,content_2ccae1f5c902,0.59,refresh_review,visibility_opportunity
2034,content_84c5f6af423c,0.59,refresh_review,visibility_opportunity
2035,content_fd619c9a6c43,0.59,refresh_review,stale_high_volume
2036,content_eafa38d2fa4c,0.59,refresh_review,visibility_opportunity
2037,content_17e62c7661d8,0.59,refresh_review,stale_high_volume
2038,content_aed00caec333,0.59,refresh_review,visibility_opportunity
2039,content_881635edbf8b,0.59,refresh_review,visibility_opportunity
2040,content_21372059d29f,0.59,refresh_review,visibility_opportunity
2041,content_ab6b07a70c51,0.59,refresh_review,visibility_opportunity
2042,content_828ec809b205,0.59,refresh_review,stale_high_volume
2043,content_09a0dcb0bb26,0.59,refresh_review,stale_high_volume
2044,content_e1b2e152e7fc,0.59,refresh_review,stale_high_volume
2045,content_20f30ca9c2b1,0.59,refresh_review,visibility_opportunity
2046,content_47abc023a16a,0.59,refresh_review,visibility_opportunity
2047,content_08038bd6b9b0,0.59,refresh_review,stale_high_volume
2048,content_e582f6082563,0.59,refresh_review,stale_high_volume
2049,content_e614e9244364,0.59,refresh_review,stale_high_volume
2050,content_d23ae29575ef,0.59,refresh_review,stale_high_volume
2051,content_a88e345b9f1a,0.59,refresh_review,visibility_opportunity
2052,content_039a9883f6ec,0.59,refresh_review,stale_high_volume
2053,content_807836f893a5,0.59,refresh_review,visibility_opportunity
2054,content_783373f9d1c7,0.59,refresh_review,visibility_opportunity
2055,content_90e10153a72a,0.59,refresh_review,visibility_opportunity
2056,content_01d21ee8ee13,0.59,refresh_review,visibility_opportunity
2057,content_38efc381811c,0.59,refresh_review,visibility_opportunity
2058,content_afaecdd092fb,0.59,refresh_review,visibility_opportunity
2059,content_4f8c16bcf0cd,0.59,refresh_review,visibility_opportunity
2060,content_c270dce26600,0.59,refresh_review,visibility_opportunity
2061,content_cff58cdacb80,0.59,refresh_review,visibility_opportunity
2062,content_c9e010f15592,0.59,refresh_review,stale_high_volume
2063,content_f55c4e2464ad,0.59,refresh_review,visibility_opportunity
2064,content_4d8e62d0412c,0.59,refresh_review,visibility_opportunity
2065,content_461917ed0e2b,0.59,refresh_review,visibility_opportunity
2066,content_fe055294e798,0.59,refresh_review,visibility_opportunity
2067,content_6e249fd6b039,0.59,refresh_review,visibility_opportunity
2068,content_cceb86aa5a80,0.585,refresh_review,visibility_opportunity
2069,content_baf492bc46f7,0.585,refresh_review,visibility_opportunity
2070,content_90e855751509,0.585,refresh_review,stale_high_volume
2071,content_e915016ee808,0.585,refresh_review,visibility_opportunity
2072,content_e70c53facf62,0.585,refresh_review,stale_high_volume
2073,content_379dd89231c7,0.585,refresh_review,stale_high_volume
2074,content_dbaec841d4cf,0.585,refresh_review,stale_high_volume
2075,content_9da46b4fea6e,0.585,refresh_review,stale_high_volume
2076,content_5b2b722628c2,0.585,refresh_review,stale_high_volume
2077,content_5fd9b6333fae,0.585,refresh_review,stale_high_volume
2078,content_cde9fc17927f,0.585,refresh_review,stale_high_volume
2079,content_e90aee89497a,0.585,refresh_review,visibility_opportunity
2080,content_706708d55936,0.585,refresh_review,visibility_opportunity
2081,content_eb3f1d1ef2ea,0.585,refresh_review,visibility_opportunity
2082,content_b0257e31e0c5,0.585,refresh_review,visibility_opportunity
2083,content_43d0fe93a4a3,0.585,refresh_review,visibility_opportunity
2084,content_ae38e41bc7d5,0.585,refresh_review,visibility_opportunity
2085,content_fcde068b12d7,0.585,refresh_review,visibility_opportunity
2086,content_5d5653c4eb4f,0.585,refresh_review,stale_high_volume
2087,content_1ee0de2d2fc6,0.585,refresh_review,visibility_opportunity
2088,content_1d5ec705cae6,0.585,refresh_review,visibility_opportunity
2089,content_d951985a1391,0.585,refresh_review,stale_high_volume
2090,content_84d49c815397,0.585,refresh_review,stale_high_volume
2091,content_78b6f55b4f70,0.585,refresh_review,stale_high_volume
2092,content_61ec52007f84,0.585,refresh_review,visibility_opportunity
2093,content_55c69d9ac6ba,0.585,refresh_review,visibility_opportunity
2094,content_c8ab44f319a3,0.585,refresh_review,visibility_opportunity
2095,content_d53208a3d2ae,0.585,refresh_review,visibility_opportunity
2096,content_125ca7619eec,0.585,refresh_review,visibility_opportunity
2097,content_437d6e67bfe2,0.585,refresh_review,visibility_opportunity
2098,content_8b1bb60cf9a5,0.585,refresh_review,stale_high_volume
2099,content_c0eabdedc403,0.585,refresh_review,visibility_opportunity
2100,content_d97106195640,0.585,refresh_review,visibility_opportunity
2101,content_dac6074ec8c1,0.585,refresh_review,stale_high_volume
2102,content_cb5e5923a5aa,0.585,refresh_review,visibility_opportunity
2103,content_a56a1c89ab0a,0.585,refresh_review,stale_high_volume
2104,content_49f3c8563f5e,0.585,refresh_review,visibility_opportunity
2105,content_9cddb78b7a66,0.585,refresh_review,visibility_opportunity
2106,content_e91fbe999dc3,0.585,refresh_review,visibility_opportunity
2107,content_d37b32691eb4,0.585,refresh_review,stale_high_volume
2108,content_d2bec770d875,0.585,refresh_review,visibility_opportunity
2109,content_380fcdf9e1a8,0.585,refresh_review,visibility_opportunity
2110,content_02afcfb9056a,0.585,refresh_review,visibility_opportunity
2111,content_a5d4fab37508,0.585,refresh_review,visibility_opportunity
2112,content_4b3eed2b845e,0.585,refresh_review,visibility_opportunity
2113,content_2a422938bbe1,0.585,refresh_review,stale_high_volume
2114,content_69be0182f4d8,0.585,refresh_review,stale_high_volume
2115,content_66849e29a8eb,0.585,refresh_review,stale_high_volume
2116,content_b9a3ac610c64,0.585,refresh_review,stale_high_volume
2117,content_cd145ae2eb8c,0.585,refresh_review,stale_high_volume
2118,content_7d52e164c23c,0.58,refresh_review,visibility_opportunity
2119,content_56b20dc4693f,0.58,refresh_review,visibility_opportunity
2120,content_02e093500039,0.58,refresh_review,stale_high_volume
2121,content_da2369059c37,0.58,refresh_review,visibility_opportunity
2122,content_dc936e2a4bed,0.58,refresh_review,visibility_opportunity
2123,content_694bc660415b,0.58,refresh_review,visibility_opportunity
2124,content_d6b4de74b2c2,0.58,refresh_review,stale_high_volume
2125,content_52a6f8440e34,0.58,refresh_review,stale_high_volume
2126,content_32b5cefc57a7,0.58,refresh_review,visibility_opportunity
2127,content_3ad3a781fa91,0.58,refresh_review,stale_high_volume
2128,content_7d81d9f7d639,0.58,refresh_review,stale_high_volume
2129,content_f9b5ca91c2ed,0.58,refresh_review,stale_high_volume
2130,content_c5a71a912e3f,0.58,refresh_review,visibility_opportunity
2131,content_d1567742f222,0.58,refresh_review,visibility_opportunity
2132,content_96dba8ca02c1,0.58,refresh_review,visibility_opportunity
2133,content_d2addcc965fe,0.58,refresh_review,stale_high_volume
2134,content_956e9b861c22,0.58,refresh_review,stale_high_volume
2135,content_eb4273bb86f1,0.58,refresh_review,visibility_opportunity
2136,content_ce92cb5a06dc,0.58,refresh_review,visibility_opportunity
2137,content_a10111bc536d,0.58,refresh_review,visibility_opportunity
2138,content_47055dd56ef5,0.58,refresh_review,stale_high_volume
2139,content_3c334d156819,0.58,refresh_review,stale_high_volume
2140,content_62c74ae619f8,0.58,refresh_review,stale_high_volume
2141,content_a1ab96494b7e,0.58,refresh_review,stale_high_volume
2142,content_94fa1e16f2b8,0.58,refresh_review,stale_high_volume
2143,content_e5fb887e4de5,0.58,refresh_review,visibility_opportunity
2144,content_c79f04785d81,0.58,refresh_review,stale_high_volume
2145,content_a6b8c4fb779b,0.58,refresh_review,visibility_opportunity
2146,content_43a9ee4391e5,0.58,refresh_review,visibility_opportunity
2147,content_6a5367976d99,0.58,refresh_review,visibility_opportunity
2148,content_ccfaa94cd245,0.58,refresh_review,stale_high_volume
2149,content_ad92ece81563,0.58,refresh_review,stale_high_volume
2150,content_dcfe3a0f6933,0.58,refresh_review,stale_high_volume
2151,content_17a0fc02d9e7,0.58,refresh_review,stale_high_volume
2152,content_93e94f1ff1f5,0.58,refresh_review,stale_high_volume
2153,content_8cd5e69964ce,0.58,refresh_review,visibility_opportunity
2154,content_44924d362d90,0.58,refresh_review,stale_high_volume
2155,content_a89bd32e72e6,0.58,refresh_review,stale_high_volume
2156,content_799641a02d77,0.58,refresh_review,stale_high_volume
2157,content_d8836aa281d0,0.58,refresh_review,stale_high_volume
2158,content_124103b6a88e,0.58,refresh_review,visibility_opportunity
2159,content_749fea292449,0.58,refresh_review,stale_high_volume
2160,content_1607b5b7c909,0.58,refresh_review,visibility_opportunity
2161,content_587fdf6f18f8,0.58,refresh_review,visibility_opportunity
2162,content_e92d8f17e0bb,0.58,refresh_review,stale_high_volume
2163,content_534e70dbc24d,0.575,refresh_review,visibility_opportunity
2164,content_b32c56556a77,0.575,refresh_review,visibility_opportunity
2165,content_fdb0d6122e7f,0.575,refresh_review,visibility_opportunity
2166,content_3a66c4cb0b7c,0.575,refresh_review,visibility_opportunity
2167,content_4c7f58701820,0.575,refresh_review,stale_high_volume
2168,content_67d872c4a067,0.575,refresh_review,stale_high_volume
2169,content_f3f6bdc23b51,0.575,refresh_review,stale_high_volume
2170,content_7750e901635d,0.575,refresh_review,stale_high_volume
2171,content_e83d674179f4,0.575,refresh_review,visibility_opportunity
2172,content_d3d05fa95de8,0.575,refresh_review,visibility_opportunity
2173,content_41a872450dc5,0.575,refresh_review,visibility_opportunity
2174,content_479ce00a63b7,0.575,refresh_review,stale_high_volume
2175,content_b5848046fbb4,0.575,refresh_review,stale_high_volume
2176,content_33a6f60938ab,0.575,refresh_review,stale_high_volume
2177,content_c0078647bab2,0.575,refresh_review,visibility_opportunity
2178,content_0eb3dcfb4fce,0.575,refresh_review,visibility_opportunity
2179,content_c1ae3265aed4,0.575,refresh_review,stale_high_volume
2180,content_3c62618cdd85,0.575,refresh_review,visibility_opportunity
2181,content_cec2180f0ac1,0.575,refresh_review,visibility_opportunity
2182,content_463d176942da,0.575,refresh_review,stale_high_volume
2183,content_7a883d489406,0.575,refresh_review,stale_high_volume
2184,content_4734618e1abb,0.575,refresh_review,stale_high_volume
2185,content_96b7d33fb6dc,0.575,refresh_review,visibility_opportunity
2186,content_beaff0b75e20,0.575,refresh_review,visibility_opportunity
2187,content_0ac51e0dae75,0.575,refresh_review,stale_high_volume
2188,content_16a6b1b4934e,0.575,refresh_review,stale_high_volume
2189,content_16b0c7bdba1f,0.575,refresh_review,stale_high_volume
2190,content_0b356863929f,0.575,refresh_review,stale_high_volume
2191,content_4616b55fe88b,0.575,refresh_review,visibility_opportunity
2192,content_ed698cff1b49,0.575,refresh_review,stale_high_volume
2193,content_3ac4ee4605dc,0.575,refresh_review,visibility_opportunity
2194,content_85c64634e986,0.575,refresh_review,visibility_opportunity
2195,content_43b7910eaa67,0.575,refresh_review,visibility_opportunity
2196,content_3b9ccdcfb7ef,0.575,refresh_review,visibility_opportunity
2197,content_68b0421d0ae4,0.575,refresh_review,visibility_opportunity
2198,content_b27403c7d35e,0.57,refresh_review,stale_high_volume
2199,content_61c6d52381cc,0.57,refresh_review,stale_high_volume
2200,content_dc0eaf635a88,0.57,refresh_review,visibility_opportunity
2201,content_7182ce1ff27a,0.57,refresh_review,visibility_opportunity
2202,content_f834aa112122,0.57,refresh_review,visibility_opportunity
2203,content_d3b39602b416,0.57,refresh_review,visibility_opportunity
2204,content_9ee9dadbd5d7,0.57,refresh_review,stale_high_volume
2205,content_c6c89218b516,0.57,refresh_review,stale_high_volume
2206,content_ff7f46bd2c17,0.57,refresh_review,visibility_opportunity
2207,content_6d865ecb282a,0.57,refresh_review,stale_high_volume
2208,content_4b4a0c7d0b3f,0.57,refresh_review,stale_high_volume
2209,content_25ff6043653f,0.57,refresh_review,visibility_opportunity
2210,content_cc5e82cfe642,0.57,refresh_review,stale_high_volume
2211,content_5e534a835454,0.57,refresh_review,stale_high_volume
2212,content_c4e5f95e129e,0.57,refresh_review,visibility_opportunity
2213,content_bbfde34e9284,0.57,refresh_review,stale_high_volume
2214,content_d7826181fcfa,0.57,refresh_review,stale_high_volume
2215,content_2323ea95789a,0.57,refresh_review,visibility_opportunity
2216,content_bb98921063e3,0.57,refresh_review,stale_high_volume
2217,content_9b934e3e7101,0.57,refresh_review,stale_high_volume
2218,content_adc8d1c2b00c,0.57,refresh_review,visibility_opportunity
2219,content_1853f4c1d3b6,0.57,refresh_review,stale_high_volume
2220,content_38fbb36fa36c,0.57,refresh_review,stale_high_volume
2221,content_223428f683e5,0.57,refresh_review,visibility_opportunity
2222,content_04fd376dbfa3,0.57,refresh_review,visibility_opportunity
2223,content_bc39d83f620c,0.57,refresh_review,stale_high_volume
2224,content_f427f138e9c6,0.57,refresh_review,stale_high_volume
2225,content_542e2f789f23,0.57,refresh_review,visibility_opportunity
2226,content_c053690e7e3a,0.57,refresh_review,visibility_opportunity
2227,content_9a29756fbe1e,0.57,refresh_review,visibility_opportunity
2228,content_2a0400a50c04,0.57,refresh_review,stale_high_volume
2229,content_385ad5955fc2,0.57,refresh_review,stale_high_volume
2230,content_0996869c2c54,0.57,refresh_review,visibility_opportunity
2231,content_5c7dda288778,0.57,refresh_review,stale_high_volume
2232,content_9cfb7d21dd56,0.57,refresh_review,visibility_opportunity
2233,content_9ec4229181f6,0.565,refresh_review,stale_high_volume
2234,content_a31cad37ea8a,0.565,refresh_review,visibility_opportunity
2235,content_e7cb53c0f89e,0.565,refresh_review,stale_high_volume
2236,content_cbea784c5084,0.565,refresh_review,stale_high_volume
2237,content_3b53d042f230,0.565,refresh_review,visibility_opportunity
2238,content_1e4706619c44,0.565,refresh_review,visibility_opportunity
2239,content_a64878c7d468,0.565,refresh_review,visibility_opportunity
2240,content_2abf85e2acd3,0.565,refresh_review,visibility_opportunity
2241,content_eed67fb12c02,0.565,refresh_review,stale_high_volume
2242,content_00603386e331,0.565,refresh_review,stale_high_volume
2243,content_e76294ac1955,0.565,refresh_review,stale_high_volume
2244,content_73091035a5a4,0.565,refresh_review,stale_high_volume
2245,content_b0547c48f8ee,0.565,refresh_review,stale_high_volume
2246,content_5b9cd5b2818a,0.565,refresh_review,stale_high_volume
2247,content_cdd4562de67a,0.565,refresh_review,visibility_opportunity
2248,content_81c43ea37892,0.565,refresh_review,stale_high_volume
2249,content_2958879823a8,0.565,refresh_review,visibility_opportunity
2250,content_b0b137336740,0.565,refresh_review,visibility_opportunity
2251,content_bfaae780ea05,0.565,refresh_review,visibility_opportunity
2252,content_f4c3734e72bf,0.565,refresh_review,stale_high_volume
2253,content_78ecdde1a864,0.565,refresh_review,visibility_opportunity
2254,content_471caa66d791,0.565,refresh_review,stale_high_volume
2255,content_0a94e9f318d6,0.565,refresh_review,visibility_opportunity
2256,content_57596b8c69ff,0.565,refresh_review,stale_high_volume
2257,content_6a25547cf30b,0.565,refresh_review,stale_high_volume
2258,content_34a6b6ec32d3,0.565,refresh_review,visibility_opportunity
2259,content_7fbcb3c2bf89,0.565,refresh_review,visibility_opportunity
2260,content_a1a5015186be,0.565,refresh_review,visibility_opportunity
2261,content_d866e1f09405,0.565,refresh_review,visibility_opportunity
2262,content_b855d7e44f8e,0.565,refresh_review,visibility_opportunity
2263,content_3bceba725206,0.565,refresh_review,visibility_opportunity
2264,content_690b51acbaa9,0.565,refresh_review,stale_high_volume
2265,content_42bd7e800a38,0.565,refresh_review,visibility_opportunity
2266,content_03bcb8092a4e,0.565,refresh_review,stale_high_volume
2267,content_9106f1ec4a21,0.565,refresh_review,stale_high_volume
2268,content_3a5d5d34449d,0.565,refresh_review,stale_high_volume
2269,content_8eb6dec91ada,0.56,refresh_review,stale_high_volume
2270,content_38e6ba2b2d9a,0.56,refresh_review,stale_high_volume
2271,content_41b771c5fc0c,0.56,refresh_review,visibility_opportunity
2272,content_192ec79eda2e,0.56,refresh_review,visibility_opportunity
2273,content_0febf9b1c9c0,0.56,refresh_review,stale_high_volume
2274,content_8945388e1fc3,0.56,refresh_review,visibility_opportunity
2275,content_774b7bb6f049,0.56,refresh_review,visibility_opportunity
2276,content_bf9940e614a3,0.56,refresh_review,visibility_opportunity
2277,content_6f29337ddf5c,0.56,refresh_review,stale_high_volume
2278,content_cb99c825e293,0.56,refresh_review,stale_high_volume
2279,content_cc16fcbe3c00,0.56,refresh_review,visibility_opportunity
2280,content_205796bdf030,0.56,refresh_review,visibility_opportunity
2281,content_3ef6208d0f0e,0.56,refresh_review,visibility_opportunity
2282,content_d643674bfdca,0.56,refresh_review,stale_high_volume
2283,content_7e5ae8620fc5,0.56,refresh_review,stale_high_volume
2284,content_b2a61c74b647,0.56,refresh_review,stale_high_volume
2285,content_4c186d55fb14,0.56,refresh_review,visibility_opportunity
2286,content_4a8ff0b56049,0.56,refresh_review,visibility_opportunity
2287,content_6554f95afdd7,0.56,refresh_review,stale_high_volume
2288,content_df80aa140eed,0.56,refresh_review,stale_high_volume
2289,content_7bf3ad78487a,0.56,refresh_review,stale_high_volume
2290,content_236f7953ced7,0.56,refresh_review,visibility_opportunity
2291,content_5588d5185277,0.56,refresh_review,visibility_opportunity
2292,content_5c8d86efbed3,0.56,refresh_review,stale_high_volume
2293,content_2dc97df1e8aa,0.56,refresh_review,visibility_opportunity
2294,content_68815fc0cee8,0.56,refresh_review,stale_high_volume
2295,content_52aac7617054,0.56,refresh_review,visibility_opportunity
2296,content_27ed481de5d1,0.56,refresh_review,visibility_opportunity
2297,content_37ddbefe2b2b,0.56,refresh_review,visibility_opportunity
2298,content_bdd7c88a58ed,0.56,refresh_review,stale_high_volume
2299,content_f9b14b940a10,0.56,refresh_review,visibility_opportunity
2300,content_ed130d02c76d,0.56,refresh_review,stale_high_volume
2301,content_506693a2cdd2,0.56,refresh_review,stale_high_volume
2302,content_86003ed8aa34,0.56,refresh_review,visibility_opportunity
2303,content_abc4bde782c9,0.56,refresh_review,visibility_opportunity
2304,content_82f533414258,0.56,refresh_review,visibility_opportunity
2305,content_b03686077f5a,0.56,refresh_review,visibility_opportunity
2306,content_6bdf69aa45ec,0.56,refresh_review,stale_high_volume
2307,content_2e3ed35f801f,0.56,refresh_review,stale_high_volume
2308,content_4c4d1c64b58e,0.56,refresh_review,stale_high_volume
2309,content_81f571b6f52e,0.56,refresh_review,visibility_opportunity
2310,content_0d0dd7fb1b11,0.56,refresh_review,visibility_opportunity
2311,content_cc797aa549c7,0.56,refresh_review,stale_high_volume
2312,content_395a2f455ee2,0.56,refresh_review,visibility_opportunity
2313,content_88d68955c5e2,0.555,refresh_review,stale_high_volume
2314,content_a200afcd5609,0.555,refresh_review,visibility_opportunity
2315,content_12f4cdf36d45,0.555,refresh_review,stale_high_volume
2316,content_db499a36bfa5,0.555,refresh_review,stale_high_volume
2317,content_68436ebf1459,0.555,refresh_review,visibility_opportunity
2318,content_b7ab61937a1c,0.555,refresh_review,visibility_opportunity
2319,content_6ac3ab740bbf,0.555,refresh_review,visibility_opportunity
2320,content_d4c48465c0af,0.555,refresh_review,visibility_opportunity
2321,content_21670f9b7917,0.555,refresh_review,visibility_opportunity
2322,content_8642a961dd74,0.555,refresh_review,visibility_opportunity
2323,content_a6087b96819d,0.555,refresh_review,visibility_opportunity
2324,content_2c397ee9fc2b,0.555,refresh_review,visibility_opportunity
2325,content_1de940de6ed3,0.555,refresh_review,visibility_opportunity
2326,content_9d393029065a,0.555,refresh_review,stale_high_volume
2327,content_b9b75b2367a3,0.555,refresh_review,visibility_opportunity
2328,content_0d84c40b49c3,0.555,refresh_review,visibility_opportunity
2329,content_178bd4fd50c3,0.555,refresh_review,stale_high_volume
2330,content_73ea2e79f832,0.555,refresh_review,visibility_opportunity
2331,content_4daed47d4c91,0.555,refresh_review,stale_high_volume
2332,content_868305952b99,0.555,refresh_review,stale_high_volume
2333,content_b51781c1c8a1,0.555,refresh_review,visibility_opportunity
2334,content_21b65e455525,0.555,refresh_review,stale_high_volume
2335,content_e76451da9b59,0.555,refresh_review,visibility_opportunity
2336,content_cfabe9fd1d4f,0.555,refresh_review,visibility_opportunity
2337,content_a4e31d98e83b,0.555,refresh_review,visibility_opportunity
2338,content_c50b313c6bca,0.555,refresh_review,stale_high_volume
2339,content_22f275f49f44,0.555,refresh_review,stale_high_volume
2340,content_d8d9e5614b14,0.555,refresh_review,visibility_opportunity
2341,content_4221cd0e0176,0.555,refresh_review,stale_high_volume
2342,content_3f5cefdd2648,0.555,refresh_review,visibility_opportunity
2343,content_3f7b1c286f3a,0.555,refresh_review,visibility_opportunity
2344,content_5508a10bb608,0.555,refresh_review,visibility_opportunity
2345,content_5d2f707b88e8,0.555,refresh_review,visibility_opportunity
2346,content_ce83293c6615,0.555,refresh_review,stale_high_volume
2347,content_d65aedae4975,0.555,refresh_review,stale_high_volume
2348,content_6a933d70a7f6,0.555,refresh_review,stale_high_volume
2349,content_f136cd37e105,0.555,refresh_review,visibility_opportunity
2350,content_c94b98f60924,0.555,refresh_review,stale_high_volume
2351,content_65413064e2f9,0.555,refresh_review,visibility_opportunity
2352,content_8c564c96c5a3,0.555,refresh_review,visibility_opportunity
2353,content_e498dc17dc04,0.555,refresh_review,stale_high_volume
2354,content_bbb2fe57b49f,0.55,refresh_review,visibility_opportunity
2355,content_fd330d2e6ac1,0.55,refresh_review,stale_high_volume
2356,content_365f191de6d2,0.55,refresh_review,stale_high_volume
2357,content_e9ad1e9dfbb3,0.55,refresh_review,visibility_opportunity
2358,content_594b6127b732,0.55,refresh_review,stale_high_volume
2359,content_c445345f9a21,0.55,refresh_review,visibility_opportunity
2360,content_6e42f39e35ac,0.55,refresh_review,visibility_opportunity
2361,content_5ac91b2d8b38,0.55,refresh_review,stale_high_volume
2362,content_225dfb507f6c,0.55,refresh_review,visibility_opportunity
2363,content_bfd5fbed5749,0.55,refresh_review,visibility_opportunity
2364,content_0e6dbc08d6ae,0.55,refresh_review,stale_high_volume
2365,content_38d75361615f,0.55,refresh_review,stale_high_volume
2366,content_6f1809925000,0.55,refresh_review,visibility_opportunity
2367,content_e3f7ca1529cf,0.55,refresh_review,visibility_opportunity
2368,content_9430301e2692,0.55,refresh_review,stale_high_volume
2369,content_ac490f7df9fb,0.55,refresh_review,visibility_opportunity
2370,content_192b55a4ffa6,0.55,refresh_review,visibility_opportunity
2371,content_e550bce46978,0.55,refresh_review,stale_high_volume
2372,content_765d5a7d6ef2,0.55,refresh_review,stale_high_volume
2373,content_d2cc2cd378a0,0.55,refresh_review,stale_high_volume
2374,content_97f118816812,0.55,refresh_review,stale_high_volume
2375,content_884c1bebd58d,0.55,refresh_review,stale_high_volume
2376,content_2845ae788c61,0.55,refresh_review,stale_high_volume
2377,content_f60f1e8bd3aa,0.55,refresh_review,stale_high_volume
2378,content_9fc41e4ea334,0.55,refresh_review,stale_high_volume
2379,content_1a81d69c3f52,0.55,refresh_review,stale_high_volume
2380,content_cc82c75f451f,0.55,refresh_review,visibility_opportunity
2381,content_4998a1c76243,0.55,refresh_review,visibility_opportunity
2382,content_3728726012a6,0.55,refresh_review,stale_high_volume
2383,content_72e938efb7ec,0.55,refresh_review,visibility_opportunity
2384,content_6fffcdfb9fbb,0.55,refresh_review,visibility_opportunity
2385,content_f6b05f1a673a,0.55,refresh_review,visibility_opportunity
2386,content_e0666cdbf9c3,0.55,refresh_review,stale_high_volume
2387,content_681a43300b4f,0.55,refresh_review,visibility_opportunity
2388,content_f8d0a67e22fc,0.55,refresh_review,visibility_opportunity
2389,content_ffa457ea510f,0.55,refresh_review,visibility_opportunity
2390,content_e6e15ac13287,0.55,refresh_review,stale_high_volume
2391,content_79a9d81c2403,0.55,refresh_review,visibility_opportunity
2392,content_8eaf3790d9c7,0.55,refresh_review,stale_high_volume
2393,content_9a1cd75f0ee6,0.55,refresh_review,visibility_opportunity
2394,content_529a78e263c8,0.55,refresh_review,visibility_opportunity
2395,content_3d5da43ba340,0.545,refresh_review,stale_high_volume
2396,content_c4aa4ab7db55,0.545,refresh_review,visibility_opportunity
2397,content_d0cadc3e2773,0.545,refresh_review,visibility_opportunity
2398,content_b1bc831deff1,0.545,refresh_review,stale_high_volume
2399,content_5a6e508b7597,0.545,refresh_review,stale_high_volume
2400,content_57971022aadc,0.545,refresh_review,stale_high_volume
2401,content_a8a2c6189790,0.545,refresh_review,stale_high_volume
2402,content_08eeb3ea4955,0.545,refresh_review,stale_high_volume
2403,content_c055fd483b87,0.545,refresh_review,stale_high_volume
2404,content_c7feeae9ce9b,0.545,refresh_review,stale_high_volume
2405,content_118a6a1ab0f8,0.545,refresh_review,stale_high_volume
2406,content_95ed71e365b1,0.545,refresh_review,visibility_opportunity
2407,content_a4e95083ad61,0.545,refresh_review,stale_high_volume
2408,content_da992825d25f,0.545,refresh_review,visibility_opportunity
2409,content_b7ea439ef534,0.545,refresh_review,visibility_opportunity
2410,content_94d5e9cbd5d0,0.545,refresh_review,stale_high_volume
2411,content_fc48c1737c57,0.545,refresh_review,visibility_opportunity
2412,content_5edd8f8493ed,0.545,refresh_review,stale_high_volume
2413,content_ca189bed60cb,0.545,refresh_review,visibility_opportunity
2414,content_56b41848af2d,0.545,refresh_review,visibility_opportunity
2415,content_46cf314d7658,0.545,refresh_review,visibility_opportunity
2416,content_690b4d8e58eb,0.545,refresh_review,stale_high_volume
2417,content_2e18e12a751b,0.545,refresh_review,stale_high_volume
2418,content_b4b6ec45d9e4,0.545,refresh_review,stale_high_volume
2419,content_91ebaad39a3f,0.545,refresh_review,visibility_opportunity
2420,content_ad42c19afcdb,0.545,refresh_review,visibility_opportunity
2421,content_b8ba5925257a,0.545,refresh_review,stale_high_volume
2422,content_413c72b76f79,0.545,refresh_review,visibility_opportunity
2423,content_ad79628ea677,0.545,refresh_review,stale_high_volume
2424,content_9d46a6de5e42,0.545,refresh_review,stale_high_volume
2425,content_9d8200c7004c,0.545,refresh_review,stale_high_volume
2426,content_f532f7dc798c,0.545,refresh_review,stale_high_volume
2427,content_07d95a8976de,0.545,refresh_review,stale_high_volume
2428,content_243715096698,0.54,refresh_review,visibility_opportunity
2429,content_cfc48d50b238,0.54,refresh_review,stale_high_volume
2430,content_24514a603a77,0.54,refresh_review,visibility_opportunity
2431,content_9d4c813069a1,0.54,refresh_review,visibility_opportunity
2432,content_8533c9e2c066,0.54,refresh_review,stale_high_volume
2433,content_e38ce65f50a8,0.54,refresh_review,stale_high_volume
2434,content_f601e3a69412,0.54,refresh_review,stale_high_volume
2435,content_e7cc94f04d05,0.54,refresh_review,visibility_opportunity
2436,content_a553f5358ee1,0.54,refresh_review,visibility_opportunity
2437,content_d635a5c1b4a6,0.54,refresh_review,visibility_opportunity
2438,content_0ffb2129c7b0,0.54,refresh_review,stale_high_volume
2439,content_f94c2a0e9706,0.54,refresh_review,visibility_opportunity
2440,content_e8699111381e,0.54,refresh_review,visibility_opportunity
2441,content_292efd8c2a22,0.54,refresh_review,stale_high_volume
2442,content_83f5527f59b4,0.54,refresh_review,visibility_opportunity
2443,content_474b92beda6f,0.54,refresh_review,stale_high_volume
2444,content_6f66c8d9c5b5,0.54,refresh_review,stale_high_volume
2445,content_c7da8834e84f,0.54,refresh_review,visibility_opportunity
2446,content_c62b377fa3d3,0.54,refresh_review,stale_high_volume
2447,content_0e043e54b06c,0.54,refresh_review,visibility_opportunity
2448,content_481069f86108,0.54,refresh_review,stale_high_volume
2449,content_af865035b328,0.54,refresh_review,visibility_opportunity
2450,content_43f5863e0909,0.54,refresh_review,stale_high_volume
2451,content_3fe9924209db,0.54,refresh_review,stale_high_volume
2452,content_603c3519a065,0.54,refresh_review,visibility_opportunity
2453,content_d660fc1fba2c,0.54,refresh_review,stale_high_volume
2454,content_243a639453c5,0.54,refresh_review,visibility_opportunity
2455,content_548d54f56d19,0.54,refresh_review,stale_high_volume
2456,content_cadd7c74dff0,0.54,refresh_review,stale_high_volume
2457,content_f14c84eb5c5e,0.54,refresh_review,visibility_opportunity
2458,content_3a470a752d01,0.54,refresh_review,visibility_opportunity
2459,content_99832ecb371f,0.54,refresh_review,visibility_opportunity
2460,content_a1e65051acf3,0.54,refresh_review,visibility_opportunity
2461,content_6560653b173e,0.54,refresh_review,stale_high_volume
2462,content_2537cfe44541,0.54,refresh_review,visibility_opportunity
2463,content_8bd4d2afaee3,0.54,refresh_review,stale_high_volume
2464,content_bd99587cb8a8,0.54,refresh_review,visibility_opportunity
2465,content_ae7c334247f9,0.54,refresh_review,stale_high_volume
2466,content_a88192732159,0.54,refresh_review,stale_high_volume
2467,content_3120486b0647,0.54,refresh_review,visibility_opportunity
2468,content_c103df72e15c,0.535,refresh_review,stale_high_volume
2469,content_02dcfc8cd821,0.535,refresh_review,visibility_opportunity
2470,content_e4f2c3ab5b54,0.535,refresh_review,stale_high_volume
2471,content_3a55fe05bade,0.535,refresh_review,visibility_opportunity
2472,content_594333a314f6,0.535,refresh_review,stale_high_volume
2473,content_0cce6a2fb242,0.535,refresh_review,visibility_opportunity
2474,content_0afbee882cb3,0.535,refresh_review,visibility_opportunity
2475,content_1cd4d043f993,0.535,refresh_review,stale_high_volume
2476,content_97703a2d36b7,0.535,refresh_review,visibility_opportunity
2477,content_b64cc2aeb71b,0.535,refresh_review,stale_high_volume
2478,content_8b6986ed5411,0.535,refresh_review,visibility_opportunity
2479,content_3f0ec5aaeb3d,0.535,refresh_review,visibility_opportunity
2480,content_ed73cc77ea29,0.535,refresh_review,stale_high_volume
2481,content_ccebf08571a1,0.535,refresh_review,visibility_opportunity
2482,content_291ee5797899,0.535,refresh_review,visibility_opportunity
2483,content_d2436405f394,0.535,refresh_review,stale_high_volume
2484,content_34d828937b47,0.535,refresh_review,stale_high_volume
2485,content_8350242b2df4,0.535,refresh_review,stale_high_volume
2486,content_a849b24b9925,0.535,refresh_review,stale_high_volume
2487,content_31c4d526956d,0.535,refresh_review,visibility_opportunity
2488,content_65d9331f55fb,0.535,refresh_review,stale_high_volume
2489,content_1cb5f2554714,0.535,refresh_review,visibility_opportunity
2490,content_85d1fb597319,0.535,refresh_review,stale_high_volume
2491,content_7457fe06f56d,0.535,refresh_review,visibility_opportunity
2492,content_895ce765d29d,0.535,refresh_review,stale_high_volume
2493,content_609bdf9d98cd,0.535,refresh_review,stale_high_volume
2494,content_55f4fb4808c6,0.535,refresh_review,stale_high_volume
2495,content_6aba6589b1b4,0.535,refresh_review,visibility_opportunity
2496,content_eacbef5e9c0a,0.535,refresh_review,visibility_opportunity
2497,content_c8b0f28d2c4e,0.535,refresh_review,visibility_opportunity
2498,content_7908b381c1e8,0.535,refresh_review,visibility_opportunity
2499,content_3a4141cd3e0f,0.535,refresh_review,stale_high_volume
2500,content_04c19423dab6,0.535,refresh_review,visibility_opportunity
2501,content_12865e681d4a,0.535,refresh_review,visibility_opportunity
2502,content_39b1e305e92b,0.535,refresh_review,visibility_opportunity
2503,content_0b0e3eb23ba7,0.535,refresh_review,stale_high_volume
2504,content_2326b09b5e1f,0.535,refresh_review,stale_high_volume
2505,content_584e85b1ef21,0.535,refresh_review,visibility_opportunity
2506,content_7c59db31efd8,0.535,refresh_review,visibility_opportunity
2507,content_d0eff497e4ea,0.535,refresh_review,visibility_opportunity
2508,content_13609ca3013e,0.535,refresh_review,stale_high_volume
2509,content_38d0f423e408,0.535,refresh_review,stale_high_volume
2510,content_87510958c08d,0.535,refresh_review,visibility_opportunity
2511,content_e6b69b74d3dc,0.535,refresh_review,visibility_opportunity
2512,content_e7a2e37b6eff,0.53,refresh_review,stale_high_volume
2513,content_c88df307576d,0.53,refresh_review,stale_high_volume
2514,content_5ece87ba64ec,0.53,refresh_review,visibility_opportunity
2515,content_f324b394c96f,0.53,refresh_review,visibility_opportunity
2516,content_6c1f062a1de8,0.53,refresh_review,visibility_opportunity
2517,content_b3a1d8ac4964,0.53,refresh_review,visibility_opportunity
2518,content_88d98058e66e,0.53,refresh_review,stale_high_volume
2519,content_a1c230882d7a,0.53,refresh_review,stale_high_volume
2520,content_7f489ad8915c,0.53,refresh_review,stale_high_volume
2521,content_1033787c1e0e,0.53,refresh_review,visibility_opportunity
2522,content_a9631f531f4d,0.53,refresh_review,visibility_opportunity
2523,content_c3e4ddfb8650,0.53,refresh_review,stale_high_volume
2524,content_5240ab05dc75,0.53,refresh_review,stale_high_volume
2525,content_a5b1a25f5b80,0.53,refresh_review,stale_high_volume
2526,content_b33ed571eded,0.53,refresh_review,stale_high_volume
2527,content_3e1884b53656,0.53,refresh_review,stale_high_volume
2528,content_bd9e508a940e,0.53,refresh_review,visibility_opportunity
2529,content_d02df0d34dd5,0.53,refresh_review,stale_high_volume
2530,content_03452bf379ce,0.53,refresh_review,stale_high_volume
2531,content_cc52287cb9c2,0.53,refresh_review,stale_high_volume
2532,content_d75f26099a8e,0.53,refresh_review,stale_high_volume
2533,content_e1f897cb36ba,0.53,refresh_review,stale_high_volume
2534,content_c41622fe1359,0.53,refresh_review,stale_high_volume
2535,content_a20142196d17,0.53,refresh_review,visibility_opportunity
2536,content_12e48d4b449d,0.53,refresh_review,stale_high_volume
2537,content_3bbfc77a9e4f,0.53,refresh_review,visibility_opportunity
2538,content_8f71790b7333,0.53,refresh_review,visibility_opportunity
2539,content_9669cd41358f,0.53,refresh_review,stale_high_volume
2540,content_d411f89a60c9,0.53,refresh_review,stale_high_volume
2541,content_f1f8a2a1c483,0.53,refresh_review,visibility_opportunity
2542,content_db296fcb6a53,0.53,refresh_review,visibility_opportunity
2543,content_c1e40f7d1fa5,0.525,refresh_review,stale_high_volume
2544,content_56846ce78c82,0.525,refresh_review,stale_high_volume
2545,content_ec62c6658504,0.525,refresh_review,visibility_opportunity
2546,content_d8f4eb2d1a32,0.525,refresh_review,visibility_opportunity
2547,content_a869de96aa65,0.525,refresh_review,visibility_opportunity
2548,content_720bbfb9c4c9,0.525,refresh_review,visibility_opportunity
2549,content_b4570b4d3de2,0.525,refresh_review,visibility_opportunity
2550,content_5c8b57a6b009,0.525,refresh_review,stale_high_volume
2551,content_d4d880bb41f3,0.525,refresh_review,visibility_opportunity
2552,content_2a5f06c2bfd2,0.525,refresh_review,visibility_opportunity
2553,content_07165f9eb2a1,0.525,refresh_review,visibility_opportunity
2554,content_e2e11ebffe0b,0.525,refresh_review,visibility_opportunity
2555,content_f332ee3c133e,0.525,refresh_review,stale_high_volume
2556,content_5ad0732245eb,0.525,refresh_review,stale_high_volume
2557,content_725525d8378b,0.525,refresh_review,visibility_opportunity
2558,content_25061c922b54,0.525,refresh_review,visibility_opportunity
2559,content_dcf5393a8df9,0.525,refresh_review,stale_high_volume
2560,content_fb1548cece22,0.525,refresh_review,stale_high_volume
2561,content_3538e71354dc,0.525,refresh_review,stale_high_volume
2562,content_5d861ff2ac94,0.525,refresh_review,visibility_opportunity
2563,content_f3a075fa8dff,0.525,refresh_review,stale_high_volume
2564,content_53a867205de3,0.525,refresh_review,visibility_opportunity
2565,content_01f07b38039c,0.525,refresh_review,stale_high_volume
2566,content_8c16f25e81ce,0.525,refresh_review,visibility_opportunity
2567,content_59eaebe35b9c,0.525,refresh_review,stale_high_volume
2568,content_b40c643dc40b,0.525,refresh_review,visibility_opportunity
2569,content_53d6fdc534bc,0.525,refresh_review,stale_high_volume
2570,content_679828cc0bfe,0.525,refresh_review,visibility_opportunity
2571,content_312067cebcd8,0.525,refresh_review,visibility_opportunity
2572,content_d4d2bef70f5a,0.525,refresh_review,stale_high_volume
2573,content_66bbdc2e2fca,0.525,refresh_review,stale_high_volume
2574,content_3e10898d9fd4,0.525,refresh_review,stale_high_volume
2575,content_ffd6816424b1,0.525,refresh_review,stale_high_volume
2576,content_be905335c59c,0.525,refresh_review,visibility_opportunity
2577,content_e91e792ca8b0,0.525,refresh_review,visibility_opportunity
2578,content_557fe9494c53,0.525,refresh_review,stale_high_volume
2579,content_2e590ab028f9,0.525,refresh_review,visibility_opportunity
2580,content_b82fe005f96d,0.525,refresh_review,visibility_opportunity
2581,content_8c6ecdbc57d8,0.525,refresh_review,stale_high_volume
2582,content_ce3ea992ab0f,0.525,refresh_review,visibility_opportunity
2583,content_1aef96f28d03,0.525,refresh_review,stale_high_volume
2584,content_1cf3f202273e,0.525,refresh_review,stale_high_volume
2585,content_8bca8bc57d12,0.525,refresh_review,visibility_opportunity
2586,content_1d8f7c4c3e3c,0.525,refresh_review,visibility_opportunity
2587,content_70e2f3c3f745,0.525,refresh_review,visibility_opportunity
2588,content_ffd5fbf07853,0.525,refresh_review,stale_high_volume
2589,content_5c7d7a6b3ba0,0.525,refresh_review,visibility_opportunity
2590,content_4092ad6d1f71,0.525,refresh_review,stale_high_volume
2591,content_686ca4a146ff,0.525,refresh_review,visibility_opportunity
2592,content_a8993d400016,0.525,refresh_review,visibility_opportunity
2593,content_07c67eae1612,0.52,refresh_review,stale_high_volume
2594,content_1bfbc228161a,0.52,refresh_review,visibility_opportunity
2595,content_a27cb3cc234c,0.52,refresh_review,stale_high_volume
2596,content_26c2fdd8c0ac,0.52,refresh_review,stale_high_volume
2597,content_552a9396d8dc,0.52,refresh_review,stale_high_volume
2598,content_0b5de68b61a2,0.52,refresh_review,visibility_opportunity
2599,content_c9b10b7896a1,0.52,refresh_review,stale_high_volume
2600,content_eda0e20d4956,0.52,refresh_review,visibility_opportunity
2601,content_2f51445dae6e,0.52,refresh_review,visibility_opportunity
2602,content_9055e9ee61af,0.52,refresh_review,stale_high_volume
2603,content_7886b1e2013b,0.52,refresh_review,stale_high_volume
2604,content_9cb6785af36b,0.52,refresh_review,visibility_opportunity
2605,content_5996be77a50e,0.52,refresh_review,visibility_opportunity
2606,content_ce5eefe9fae2,0.52,refresh_review,visibility_opportunity
2607,content_b34230d48f8e,0.52,refresh_review,stale_high_volume
2608,content_9cc3144b2591,0.52,refresh_review,visibility_opportunity
2609,content_23ecaf05bdf0,0.52,refresh_review,visibility_opportunity
2610,content_27d5a984e469,0.52,refresh_review,visibility_opportunity
2611,content_d837d28950fe,0.52,refresh_review,stale_high_volume
2612,content_9740b2c319a7,0.52,refresh_review,stale_high_volume
2613,content_e6bf9b5ad60b,0.52,refresh_review,visibility_opportunity
2614,content_884811539c8a,0.52,refresh_review,visibility_opportunity
2615,content_0ef518e44e5c,0.52,refresh_review,visibility_opportunity
2616,content_3cb81c72e3c4,0.52,refresh_review,stale_high_volume
2617,content_e4d33e5e54a6,0.52,refresh_review,stale_high_volume
2618,content_6a06cceeb86d,0.52,refresh_review,stale_high_volume
2619,content_3caffc05c7f0,0.52,refresh_review,stale_high_volume
2620,content_73efbabd83af,0.52,refresh_review,visibility_opportunity
2621,content_c46f3c60207c,0.52,refresh_review,stale_high_volume
2622,content_86f3362eefc9,0.52,refresh_review,stale_high_volume
2623,content_98f736f745a6,0.52,refresh_review,stale_high_volume
2624,content_9f7e7378070a,0.52,refresh_review,visibility_opportunity
2625,content_a69a7896a1cb,0.52,refresh_review,stale_high_volume
2626,content_fad0a4a335ba,0.52,refresh_review,stale_high_volume
2627,content_a50e3e16761d,0.52,refresh_review,stale_high_volume
2628,content_eac441c4b753,0.52,refresh_review,stale_high_volume
2629,content_64405ee1d117,0.52,refresh_review,stale_high_volume
2630,content_7cd66839b508,0.515,refresh_review,stale_high_volume
2631,content_c0438e3c5c6d,0.515,refresh_review,stale_high_volume
2632,content_3587f30c8750,0.515,refresh_review,visibility_opportunity
2633,content_0d78cba0b985,0.515,refresh_review,visibility_opportunity
2634,content_9be3fc199752,0.515,refresh_review,visibility_opportunity
2635,content_2fbf317387d5,0.515,refresh_review,stale_high_volume
2636,content_4ea3bf51de39,0.515,refresh_review,visibility_opportunity
2637,content_998108671821,0.515,refresh_review,visibility_opportunity
2638,content_2b084c9efd91,0.515,refresh_review,stale_high_volume
2639,content_c01a89e1130c,0.515,refresh_review,stale_high_volume
2640,content_6361fbc431f2,0.515,refresh_review,stale_high_volume
2641,content_f0d2cde9cec5,0.515,refresh_review,visibility_opportunity
2642,content_bb2159ee87a3,0.515,refresh_review,visibility_opportunity
2643,content_4090f0acd977,0.515,refresh_review,stale_high_volume
2644,content_ebc1218e6383,0.515,refresh_review,visibility_opportunity
2645,content_cbe05c25a612,0.515,refresh_review,visibility_opportunity
2646,content_0422992eb963,0.515,refresh_review,visibility_opportunity
2647,content_4554da2c961a,0.515,refresh_review,visibility_opportunity
2648,content_19882bd6373d,0.515,refresh_review,stale_high_volume
2649,content_7cc7180fe735,0.515,refresh_review,visibility_opportunity
2650,content_cb99813a2f8e,0.515,refresh_review,visibility_opportunity
2651,content_5dcb74bcde1f,0.515,refresh_review,visibility_opportunity
2652,content_7445048ec90b,0.515,refresh_review,stale_high_volume
2653,content_177c6d7d9558,0.515,refresh_review,visibility_opportunity
2654,content_2204f2f125c2,0.515,refresh_review,stale_high_volume
2655,content_7c8916bd0e47,0.515,refresh_review,stale_high_volume
2656,content_490609250ccd,0.515,refresh_review,stale_high_volume
2657,content_d8bed4cdd252,0.515,refresh_review,stale_high_volume
2658,content_20112fe50abb,0.515,refresh_review,visibility_opportunity
2659,content_f8b86708bbeb,0.515,refresh_review,stale_high_volume
2660,content_595dcb4d74d3,0.515,refresh_review,stale_high_volume
2661,content_5c36584161ef,0.515,refresh_review,visibility_opportunity
2662,content_54d639e084af,0.515,refresh_review,stale_high_volume
2663,content_208f24e28209,0.515,refresh_review,visibility_opportunity
2664,content_dc1b2d69b430,0.515,refresh_review,visibility_opportunity
2665,content_956c84e51f49,0.515,refresh_review,stale_high_volume
2666,content_b7a310a51128,0.515,refresh_review,visibility_opportunity
2667,content_24b8d8860ad9,0.515,refresh_review,visibility_opportunity
2668,content_f04ac0af071c,0.515,refresh_review,stale_high_volume
2669,content_3cdb898f8e47,0.515,refresh_review,visibility_opportunity
2670,content_e816975603a4,0.515,refresh_review,visibility_opportunity
2671,content_37d03b4246ba,0.515,refresh_review,stale_high_volume
2672,content_13af59e1555a,0.515,refresh_review,stale_high_volume
2673,content_349a310f6db7,0.515,refresh_review,visibility_opportunity
2674,content_d389b3cd65c2,0.51,refresh_review,visibility_opportunity
2675,content_ea01009bcb57,0.51,refresh_review,stale_high_volume
2676,content_abe429671051,0.51,refresh_review,stale_high_volume
2677,content_ed6d0c40cf19,0.51,refresh_review,stale_high_volume
2678,content_937a87e42eb4,0.51,refresh_review,stale_high_volume
2679,content_4dd642996c10,0.51,refresh_review,visibility_opportunity
2680,content_cf18d0786169,0.51,refresh_review,stale_high_volume
2681,content_5b377954b9b8,0.51,refresh_review,visibility_opportunity
2682,content_f3baf9504688,0.51,refresh_review,stale_high_volume
2683,content_5aec55001b8d,0.51,refresh_review,stale_high_volume
2684,content_63ccce1a850e,0.51,refresh_review,stale_high_volume
2685,content_191ccacae9fa,0.51,refresh_review,stale_high_volume
2686,content_820965935d2b,0.51,refresh_review,stale_high_volume
2687,content_47757540a16b,0.51,refresh_review,stale_high_volume
2688,content_6862d38c9b58,0.51,refresh_review,stale_high_volume
2689,content_5a3ff6c13f43,0.51,refresh_review,stale_high_volume
2690,content_2368b6c7fbad,0.51,refresh_review,visibility_opportunity
2691,content_3cb90b012eee,0.51,refresh_review,visibility_opportunity
2692,content_f27ccdb9bb1f,0.51,refresh_review,visibility_opportunity
2693,content_555b8d026295,0.51,refresh_review,stale_high_volume
2694,content_cea90c1d2627,0.51,refresh_review,stale_high_volume
2695,content_69e92ae08f64,0.51,refresh_review,stale_high_volume
2696,content_9e722da54bd3,0.51,refresh_review,visibility_opportunity
2697,content_1eb51bddfbde,0.51,refresh_review,stale_high_volume
2698,content_9e3b6a5b09fd,0.51,refresh_review,stale_high_volume
2699,content_c8300a2e0cfa,0.51,refresh_review,visibility_opportunity
2700,content_ce58f03a98f8,0.51,refresh_review,visibility_opportunity
2701,content_aafbbe914e2c,0.51,refresh_review,visibility_opportunity
2702,content_e3b3dbaf595b,0.51,refresh_review,visibility_opportunity
2703,content_3d2aab459562,0.51,refresh_review,stale_high_volume
2704,content_08fd124a6e6f,0.51,refresh_review,stale_high_volume
2705,content_8c4071232533,0.51,refresh_review,stale_high_volume
2706,content_f629bbef5c7a,0.51,refresh_review,visibility_opportunity
2707,content_046a2f21c507,0.51,refresh_review,visibility_opportunity
2708,content_17a3d8717ebd,0.51,refresh_review,stale_high_volume
2709,content_ccaf3a0a98f0,0.505,refresh_review,visibility_opportunity
2710,content_82147211de4c,0.505,refresh_review,stale_high_volume
2711,content_ffc060f09c4c,0.505,refresh_review,stale_high_volume
2712,content_5b60954a7dde,0.505,refresh_review,stale_high_volume
2713,content_48646ae101fe,0.505,refresh_review,visibility_opportunity
2714,content_b4d966e03d6b,0.505,refresh_review,stale_high_volume
2715,content_19d8ec05394d,0.505,refresh_review,stale_high_volume
2716,content_0e6db7c58cd2,0.505,refresh_review,stale_high_volume
2717,content_b80b0230d0a9,0.505,refresh_review,stale_high_volume
2718,content_deae03dc2d26,0.505,refresh_review,stale_high_volume
2719,content_e7c9466c83ff,0.505,refresh_review,visibility_opportunity
2720,content_251661eb804d,0.505,refresh_review,visibility_opportunity
2721,content_ca363f32d934,0.505,refresh_review,stale_high_volume
2722,content_b11a7dcf6d72,0.505,refresh_review,stale_high_volume
2723,content_a3346667cc6f,0.505,refresh_review,visibility_opportunity
2724,content_24dc00e22625,0.505,refresh_review,visibility_opportunity
2725,content_62ece016c9d8,0.505,refresh_review,stale_high_volume
2726,content_f658e746131f,0.505,refresh_review,stale_high_volume
2727,content_f13ff1dd6aa4,0.505,refresh_review,stale_high_volume
2728,content_3900e2a1012f,0.505,refresh_review,stale_high_volume
2729,content_2e7e65ab8ea6,0.505,refresh_review,visibility_opportunity
2730,content_2d82d4f4442e,0.505,refresh_review,visibility_opportunity
2731,content_6b1f3081da7c,0.505,refresh_review,visibility_opportunity
2732,content_0c8b0099fc8c,0.505,refresh_review,stale_high_volume
2733,content_85cef3cd023b,0.505,refresh_review,visibility_opportunity
2734,content_e16a84a09194,0.505,refresh_review,visibility_opportunity
2735,content_f3209c4105b5,0.505,refresh_review,visibility_opportunity
2736,content_b0b7697f8b78,0.505,refresh_review,stale_high_volume
2737,content_d263c7f4f8c0,0.505,refresh_review,stale_high_volume
2738,content_e546e8d771ec,0.505,refresh_review,visibility_opportunity
2739,content_ccbfd2913c5b,0.505,refresh_review,visibility_opportunity
2740,content_c30c8488c0d1,0.505,refresh_review,stale_high_volume
2741,content_873621db1cd6,0.505,refresh_review,stale_high_volume
2742,content_617c14bb6cfa,0.505,refresh_review,stale_high_volume
2743,content_8047b55b63bd,0.5,refresh_review,visibility_opportunity
2744,content_5607fec5d7db,0.5,refresh_review,visibility_opportunity
2745,content_791a0ba510e4,0.5,refresh_review,visibility_opportunity
2746,content_ee31908da7e5,0.5,refresh_review,stale_high_volume
2747,content_c52c90c985dd,0.5,refresh_review,visibility_opportunity
2748,content_3653151b7ac7,0.5,refresh_review,stale_high_volume
2749,content_0073196442b4,0.5,refresh_review,stale_high_volume
2750,content_ba740deaf550,0.5,refresh_review,stale_high_volume
2751,content_efbb569e748d,0.5,refresh_review,visibility_opportunity
2752,content_5e953735aba5,0.5,refresh_review,stale_high_volume
2753,content_8064be6aca7b,0.5,refresh_review,visibility_opportunity
2754,content_4086da47e0d7,0.5,refresh_review,visibility_opportunity
2755,content_ce7ef13c73e7,0.5,refresh_review,visibility_opportunity
2756,content_b004b6b25a63,0.5,refresh_review,visibility_opportunity
2757,content_09916526d65e,0.5,refresh_review,visibility_opportunity
2758,content_d456f286e50f,0.5,refresh_review,stale_high_volume
2759,content_cde3ff473d77,0.5,refresh_review,visibility_opportunity
2760,content_25d4eaa6ee1f,0.5,refresh_review,stale_high_volume
2761,content_9420e565888a,0.5,refresh_review,visibility_opportunity
2762,content_bcecc1a1c83c,0.5,refresh_review,visibility_opportunity
2763,content_17a7b75e1df2,0.5,refresh_review,stale_high_volume
2764,content_d0f0593601de,0.5,refresh_review,stale_high_volume
2765,content_a8c40fb2c87a,0.5,refresh_review,visibility_opportunity
2766,content_ff65884e750a,0.5,refresh_review,visibility_opportunity
2767,content_33a2b874555b,0.5,refresh_review,visibility_opportunity
2768,content_d34c82e5ddeb,0.5,refresh_review,stale_high_volume
2769,content_2efcee1621b9,0.5,refresh_review,stale_high_volume
2770,content_d7717da18304,0.5,refresh_review,visibility_opportunity
2771,content_36ddf695beb7,0.5,refresh_review,stale_high_volume
2772,content_aa3c3dca6c0b,0.5,refresh_review,stale_high_volume
2773,content_abe0ccdc1f64,0.5,refresh_review,stale_high_volume
2774,content_899bf6f73251,0.5,refresh_review,stale_high_volume
2775,content_584e6896455d,0.5,refresh_review,stale_high_volume
2776,content_631e03a2972a,0.5,refresh_review,stale_high_volume
2777,content_c109f6284c24,0.5,refresh_review,stale_high_volume
2778,content_601668f3aabe,0.5,refresh_review,stale_high_volume
2779,content_b3f2ac089cc6,0.5,refresh_review,visibility_opportunity
2780,content_6606686cb1dd,0.5,refresh_review,stale_high_volume
2781,content_aef5bb94556b,0.495,refresh_review,visibility_opportunity
2782,content_19f92ceb8175,0.495,refresh_review,stale_high_volume
2783,content_792cf1b9a0c8,0.495,refresh_review,visibility_opportunity
2784,content_0817e1920983,0.495,refresh_review,stale_high_volume
2785,content_0588cb9e1922,0.495,refresh_review,visibility_opportunity
2786,content_97f8471b8879,0.495,refresh_review,visibility_opportunity
2787,content_f757709ea42f,0.495,refresh_review,stale_high_volume
2788,content_0315b4020af3,0.495,refresh_review,stale_high_volume
2789,content_1949eb8a9d1e,0.495,refresh_review,visibility_opportunity
2790,content_a3bc7e259402,0.495,refresh_review,visibility_opportunity
2791,content_01a60328c48b,0.495,refresh_review,visibility_opportunity
2792,content_f0e867fbba2d,0.495,refresh_review,stale_high_volume
2793,content_03ca1c3278cf,0.495,refresh_review,stale_high_volume
2794,content_d5886dec9032,0.495,refresh_review,visibility_opportunity
2795,content_d54f809b260c,0.495,refresh_review,stale_high_volume
2796,content_a77bd5e6de66,0.495,refresh_review,stale_high_volume
2797,content_29f3f30befe7,0.495,refresh_review,stale_high_volume
2798,content_0288dc0ec63e,0.495,refresh_review,stale_high_volume
2799,content_a025f0314b16,0.495,refresh_review,stale_high_volume
2800,content_94feac677ec4,0.495,refresh_review,visibility_opportunity
2801,content_c84a0ab98e90,0.495,refresh_review,visibility_opportunity
2802,content_984c4d31ce8c,0.495,refresh_review,visibility_opportunity
2803,content_f60400155074,0.495,refresh_review,visibility_opportunity
2804,content_aa65fe944a87,0.495,refresh_review,stale_high_volume
2805,content_4d4aec31d213,0.495,refresh_review,stale_high_volume
2806,content_da4145924178,0.495,refresh_review,stale_high_volume
2807,content_e32ec994d05a,0.495,refresh_review,stale_high_volume
2808,content_659479bf8d74,0.495,refresh_review,stale_high_volume
2809,content_20ab9bcd058f,0.495,refresh_review,stale_high_volume
2810,content_5e03e22bdd98,0.495,refresh_review,visibility_opportunity
2811,content_d10f9ce1e0cd,0.495,refresh_review,stale_high_volume
2812,content_200a2f936288,0.495,refresh_review,stale_high_volume
2813,content_7d1a2e2fe626,0.495,refresh_review,visibility_opportunity
2814,content_fd290bdd9c91,0.495,refresh_review,visibility_opportunity
2815,content_8eb23fb822ff,0.495,refresh_review,stale_high_volume
2816,content_3d4ba0dbe63a,0.495,refresh_review,stale_high_volume
2817,content_d4cd013f21bb,0.495,refresh_review,stale_high_volume
2818,content_3cf332981a39,0.495,refresh_review,stale_high_volume
2819,content_35fb876ad42a,0.495,refresh_review,visibility_opportunity
2820,content_490c19f4dfce,0.495,refresh_review,stale_high_volume
2821,content_811829ad0de3,0.495,refresh_review,stale_high_volume
2822,content_0bbf9f8f0ba1,0.495,refresh_review,stale_high_volume
2823,content_d96be2c363a4,0.495,refresh_review,stale_high_volume
2824,content_163653924794,0.495,refresh_review,stale_high_volume
2825,content_e85cf998e5d2,0.495,refresh_review,visibility_opportunity
2826,content_c1c66337d0ba,0.49,refresh_review,visibility_opportunity
2827,content_5db5f90e5501,0.49,refresh_review,visibility_opportunity
2828,content_05331cba6ad3,0.49,refresh_review,visibility_opportunity
2829,content_33ddda1a8c7a,0.49,refresh_review,visibility_opportunity
2830,content_6daf2739da2c,0.49,refresh_review,stale_high_volume
2831,content_3d5952c5cf7e,0.49,refresh_review,stale_high_volume
2832,content_c22f0bebb1d1,0.49,refresh_review,stale_high_volume
2833,content_d066bbc6e0c2,0.49,refresh_review,visibility_opportunity
2834,content_2ca9f63bb061,0.49,refresh_review,stale_high_volume
2835,content_e3bbb49f7641,0.49,refresh_review,visibility_opportunity
2836,content_4809d1306cd4,0.49,refresh_review,stale_high_volume
2837,content_78226cac83fd,0.49,refresh_review,stale_high_volume
2838,content_84a4de62123b,0.49,refresh_review,stale_high_volume
2839,content_0a4e3e70597a,0.49,refresh_review,stale_high_volume
2840,content_c81b352b270b,0.49,refresh_review,stale_high_volume
2841,content_cd44b873369f,0.49,refresh_review,stale_high_volume
2842,content_32b64e0bf487,0.49,refresh_review,stale_high_volume
2843,content_b52e01ba950b,0.49,refresh_review,stale_high_volume
2844,content_947b1d18a006,0.49,refresh_review,stale_high_volume
2845,content_935dad48e67d,0.49,refresh_review,stale_high_volume
2846,content_875e75577eee,0.49,refresh_review,visibility_opportunity
2847,content_70d0c93f75ab,0.49,refresh_review,stale_high_volume
2848,content_9955f4a562ef,0.49,refresh_review,stale_high_volume
2849,content_936f6af81f1f,0.49,refresh_review,stale_high_volume
2850,content_60b1715cb390,0.49,refresh_review,stale_high_volume
2851,content_aa29f3c406eb,0.49,refresh_review,visibility_opportunity
2852,content_f8b8f0d7e315,0.49,refresh_review,stale_high_volume
2853,content_d50a0cf19bc3,0.49,refresh_review,stale_high_volume
2854,content_b27ba7818938,0.49,refresh_review,stale_high_volume
2855,content_9467ff7ac54c,0.49,refresh_review,stale_high_volume
2856,content_6a511f8aa90a,0.49,refresh_review,stale_high_volume
2857,content_7e7d333c0af0,0.49,refresh_review,stale_high_volume
2858,content_f2047c17e14c,0.49,refresh_review,stale_high_volume
2859,content_55f2315999cd,0.49,refresh_review,visibility_opportunity
2860,content_4d31418f2f3c,0.49,refresh_review,visibility_opportunity
2861,content_81a89c686b96,0.49,refresh_review,visibility_opportunity
2862,content_0d61e38b3645,0.485,refresh_review,stale_high_volume
2863,content_be6eafb216ba,0.485,refresh_review,stale_high_volume
2864,content_2200a477481d,0.485,refresh_review,visibility_opportunity
2865,content_d13841c305d7,0.485,refresh_review,visibility_opportunity
2866,content_97b7779b8c3c,0.485,refresh_review,visibility_opportunity
2867,content_cd6fdaf35403,0.485,refresh_review,stale_high_volume
2868,content_ee648f3069bc,0.485,refresh_review,visibility_opportunity
2869,content_0e8bc9bda782,0.485,refresh_review,visibility_opportunity
2870,content_a05de90216c2,0.485,refresh_review,stale_high_volume
2871,content_b45b7246ed2a,0.485,refresh_review,stale_high_volume
2872,content_5551a4c5ed02,0.485,refresh_review,visibility_opportunity
2873,content_fc34f96731ff,0.485,refresh_review,visibility_opportunity
2874,content_2913ed7d4c8d,0.485,refresh_review,stale_high_volume
2875,content_f8383c3435c7,0.485,refresh_review,visibility_opportunity
2876,content_880690982550,0.485,refresh_review,visibility_opportunity
2877,content_5cb13cf504a2,0.485,refresh_review,stale_high_volume
2878,content_c857b94269c6,0.485,refresh_review,stale_high_volume
2879,content_678f2f245257,0.485,refresh_review,stale_high_volume
2880,content_9173ca4982b5,0.485,refresh_review,stale_high_volume
2881,content_4986c5f9b385,0.485,refresh_review,visibility_opportunity
2882,content_65b155afed44,0.485,refresh_review,visibility_opportunity
2883,content_378e77671f51,0.485,refresh_review,stale_high_volume
2884,content_05688a1937fe,0.485,refresh_review,stale_high_volume
2885,content_0a47ded24495,0.485,refresh_review,stale_high_volume
2886,content_3af54e674244,0.485,refresh_review,visibility_opportunity
2887,content_769249f1a7e6,0.485,refresh_review,visibility_opportunity
2888,content_a0e0cffaef37,0.485,refresh_review,visibility_opportunity
2889,content_e446ed72b5c1,0.485,refresh_review,stale_high_volume
2890,content_a2724f91a165,0.485,refresh_review,visibility_opportunity
2891,content_55d1162a1baf,0.485,refresh_review,visibility_opportunity
2892,content_f78faba0af78,0.485,refresh_review,stale_high_volume
2893,content_0789d4559aa4,0.485,refresh_review,visibility_opportunity
2894,content_6c550167a36d,0.485,refresh_review,stale_high_volume
2895,content_e8b5e3a4e344,0.485,refresh_review,stale_high_volume
2896,content_3171371a75e6,0.485,refresh_review,stale_high_volume
2897,content_02b637872930,0.485,refresh_review,visibility_opportunity
2898,content_ead9ed9be0c4,0.485,refresh_review,visibility_opportunity
2899,content_b32d3698d69c,0.485,refresh_review,stale_high_volume
2900,content_c00a56f387ba,0.485,refresh_review,visibility_opportunity
2901,content_e38fa75ec230,0.485,refresh_review,stale_high_volume
2902,content_aa0a0e791d47,0.485,refresh_review,stale_high_volume
2903,content_f71b51242c56,0.485,refresh_review,visibility_opportunity
2904,content_19cdc614df78,0.485,refresh_review,visibility_opportunity
2905,content_0ce4ee2846e7,0.485,refresh_review,stale_high_volume
2906,content_5be3b96151e5,0.48,refresh_review,stale_high_volume
2907,content_ce1f9e5f2424,0.48,refresh_review,stale_high_volume
2908,content_83ed44baec0f,0.48,refresh_review,stale_high_volume
2909,content_88dbd5690758,0.48,refresh_review,visibility_opportunity
2910,content_9d3f0b2e3be6,0.48,refresh_review,stale_high_volume
2911,content_45c48b701376,0.48,refresh_review,stale_high_volume
2912,content_0c20d3d3237e,0.48,refresh_review,stale_high_volume
2913,content_161c3cee3739,0.48,refresh_review,stale_high_volume
2914,content_4d39b3b3ee5d,0.48,refresh_review,visibility_opportunity
2915,content_1559ee264f78,0.48,refresh_review,stale_high_volume
2916,content_9903cd8c08ee,0.48,refresh_review,visibility_opportunity
2917,content_2af826becb07,0.48,refresh_review,visibility_opportunity
2918,content_f74385cef4cf,0.48,refresh_review,stale_high_volume
2919,content_0f4f808958c4,0.48,refresh_review,stale_high_volume
2920,content_26cf459dc4a6,0.48,refresh_review,visibility_opportunity
2921,content_37446a07e0f5,0.48,refresh_review,stale_high_volume
2922,content_d7175187ff12,0.48,refresh_review,stale_high_volume
2923,content_35c45cb034ab,0.48,refresh_review,stale_high_volume
2924,content_7eb94099059e,0.48,refresh_review,stale_high_volume
2925,content_be5220c4102d,0.48,refresh_review,stale_high_volume
2926,content_485a5eb0adf0,0.48,refresh_review,stale_high_volume
2927,content_c27faea1a02a,0.48,refresh_review,stale_high_volume
2928,content_386add72654e,0.48,refresh_review,visibility_opportunity
2929,content_7e69b13d445e,0.48,refresh_review,stale_high_volume
2930,content_df6f762cd770,0.48,refresh_review,visibility_opportunity
2931,content_a21177bddb8e,0.48,refresh_review,stale_high_volume
2932,content_6499b59bdc70,0.48,refresh_review,stale_high_volume
2933,content_5450f0a658b5,0.48,refresh_review,stale_high_volume
2934,content_46556f2240aa,0.48,refresh_review,visibility_opportunity
2935,content_5c603e31aa18,0.48,refresh_review,visibility_opportunity
2936,content_611615ca6d4a,0.48,refresh_review,visibility_opportunity
2937,content_d8b9e818c1b9,0.48,refresh_review,visibility_opportunity
2938,content_1da5699a918e,0.48,refresh_review,visibility_opportunity
2939,content_66cece88eae7,0.48,refresh_review,stale_high_volume
2940,content_036285c3321b,0.48,refresh_review,visibility_opportunity
2941,content_edd9dec2bf46,0.48,refresh_review,visibility_opportunity
2942,content_6493ac173e55,0.48,refresh_review,visibility_opportunity
2943,content_27c07c5ddfa9,0.48,refresh_review,stale_high_volume
2944,content_a77122a79b78,0.48,refresh_review,visibility_opportunity
2945,content_15b35bfd5f84,0.48,refresh_review,visibility_opportunity
2946,content_e5481aa7df58,0.48,refresh_review,stale_high_volume
2947,content_d67ed233baac,0.48,refresh_review,stale_high_volume
2948,content_e53329c90dca,0.48,refresh_review,stale_high_volume
2949,content_be6adc2dbd63,0.48,refresh_review,stale_high_volume
2950,content_cc72108d3f01,0.48,refresh_review,stale_high_volume
2951,content_d001e0b9733e,0.48,refresh_review,visibility_opportunity
2952,content_97ae9323b22f,0.48,refresh_review,visibility_opportunity
2953,content_3d72eab872f6,0.48,refresh_review,stale_high_volume
2954,content_f5c34d912af8,0.48,refresh_review,stale_high_volume
2955,content_46ece05546fb,0.48,refresh_review,stale_high_volume
2956,content_837c4ebfd762,0.48,refresh_review,visibility_opportunity
2957,content_9dbd12523260,0.48,refresh_review,visibility_opportunity
2958,content_d9a643e38a0f,0.48,refresh_review,stale_high_volume
2959,content_216a54125880,0.475,refresh_review,stale_high_volume
2960,content_a341b59acbac,0.475,refresh_review,stale_high_volume
2961,content_7ccd303329e2,0.475,refresh_review,stale_high_volume
2962,content_0f3d85f67d55,0.475,refresh_review,visibility_opportunity
2963,content_5e78fe1e1f35,0.475,refresh_review,stale_high_volume
2964,content_8c05feed3339,0.475,refresh_review,stale_high_volume
2965,content_a11f793d5f24,0.475,refresh_review,stale_high_volume
2966,content_42b72b0d61f0,0.475,refresh_review,stale_high_volume
2967,content_73c54f78c06a,0.475,refresh_review,visibility_opportunity
2968,content_60cafa032724,0.475,refresh_review,stale_high_volume
2969,content_38083c7ee912,0.475,refresh_review,stale_high_volume
2970,content_f9b44af81656,0.475,refresh_review,stale_high_volume
2971,content_a16c79f3a714,0.475,refresh_review,stale_high_volume
2972,content_1a5b585a87b4,0.475,refresh_review,stale_high_volume
2973,content_ef298285d6bb,0.475,refresh_review,stale_high_volume
2974,content_a3548d64df7d,0.475,refresh_review,stale_high_volume
2975,content_58ff81fdb177,0.475,refresh_review,stale_high_volume
2976,content_5c411304f88c,0.475,refresh_review,stale_high_volume
2977,content_39881853ef0c,0.475,refresh_review,visibility_opportunity
2978,content_18dd27779cb8,0.475,refresh_review,visibility_opportunity
2979,content_56c3ee623158,0.475,refresh_review,stale_high_volume
2980,content_ee28deeee58f,0.475,refresh_review,stale_high_volume
2981,content_c4ac5b91b3d9,0.475,refresh_review,stale_high_volume
2982,content_6fb7e84bfcbb,0.475,refresh_review,visibility_opportunity
2983,content_6d0b62b434bb,0.475,refresh_review,stale_high_volume
2984,content_3743c215f207,0.475,refresh_review,stale_high_volume
2985,content_6edf4065b1a5,0.475,refresh_review,stale_high_volume
2986,content_000c896649cc,0.475,refresh_review,stale_high_volume
2987,content_a30a53f72561,0.475,refresh_review,stale_high_volume
2988,content_31c1845e0992,0.475,refresh_review,stale_high_volume
2989,content_314822ae53de,0.475,refresh_review,stale_high_volume
2990,content_af93cd2b52fb,0.475,refresh_review,visibility_opportunity
2991,content_ddb8962b4353,0.475,refresh_review,visibility_opportunity
2992,content_81f853902b31,0.475,refresh_review,visibility_opportunity
2993,content_577a45908bb7,0.475,refresh_review,stale_high_volume
2994,content_b188975de550,0.475,refresh_review,visibility_opportunity
2995,content_0f321c06d95b,0.475,refresh_review,visibility_opportunity
2996,content_06dd592a7b5e,0.475,refresh_review,stale_high_volume
2997,content_60a90d0ba16a,0.475,refresh_review,visibility_opportunity
2998,content_46045de7025a,0.475,refresh_review,visibility_opportunity
2999,content_e2d9f7cf4cc9,0.475,refresh_review,stale_high_volume
3000,content_f346692204a7,0.475,refresh_review,stale_high_volume
3001,content_4d6321188f7f,0.475,refresh_review,stale_high_volume
3002,content_123755578af6,0.475,refresh_review,visibility_opportunity
3003,content_8b9d2f4109de,0.475,refresh_review,stale_high_volume
3004,content_7513d27c2d97,0.475,refresh_review,stale_high_volume
3005,content_2f367b4cf4d1,0.475,refresh_review,stale_high_volume
3006,content_547a2f6dee80,0.47,refresh_review,visibility_opportunity
3007,content_c76e5e55b95b,0.47,refresh_review,stale_high_volume
3008,content_1f05df4add56,0.47,refresh_review,visibility_opportunity
3009,content_2d73ab8136fa,0.47,refresh_review,visibility_opportunity
3010,content_30690bb675d2,0.47,refresh_review,visibility_opportunity
3011,content_b1f6e3157229,0.47,refresh_review,visibility_opportunity
3012,content_b046d6f5fcd8,0.47,refresh_review,stale_high_volume
3013,content_3ee3ec52299c,0.47,refresh_review,stale_high_volume
3014,content_27fb9892d000,0.47,refresh_review,stale_high_volume
3015,content_1a7da676ab36,0.47,refresh_review,visibility_opportunity
3016,content_1b8d40b05698,0.47,refresh_review,visibility_opportunity
3017,content_204a8a98fd4f,0.47,refresh_review,stale_high_volume
3018,content_86fbcf2cbd8b,0.47,refresh_review,visibility_opportunity
3019,content_5cadc087c21a,0.47,refresh_review,stale_high_volume
3020,content_691548b1ea0a,0.47,refresh_review,stale_high_volume
3021,content_c4b6fe20fadf,0.47,refresh_review,stale_high_volume
3022,content_a388f562e286,0.47,refresh_review,stale_high_volume
3023,content_d857462cbbc0,0.47,refresh_review,visibility_opportunity
3024,content_ac1bd950b003,0.47,refresh_review,stale_high_volume
3025,content_b3e34e9fe5a7,0.47,refresh_review,stale_high_volume
3026,content_702689a73287,0.47,refresh_review,stale_high_volume
3027,content_c3071ba6b02b,0.47,refresh_review,visibility_opportunity
3028,content_70664afa98a4,0.47,refresh_review,visibility_opportunity
3029,content_e428bc59072f,0.47,refresh_review,stale_high_volume
3030,content_28789a01958b,0.47,refresh_review,stale_high_volume
3031,content_b79633beb5ba,0.47,refresh_review,visibility_opportunity
3032,content_0b4d2494a6f6,0.47,refresh_review,stale_high_volume
3033,content_c69f0baaa1af,0.465,refresh_review,stale_high_volume
3034,content_86e83855c103,0.465,refresh_review,stale_high_volume
3035,content_a60a1d127749,0.465,refresh_review,stale_high_volume
3036,content_7b721c50ff02,0.465,refresh_review,stale_high_volume
3037,content_a053262db2c0,0.465,refresh_review,stale_high_volume
3038,content_5755ad09b9d2,0.465,refresh_review,visibility_opportunity
3039,content_dd2c71582793,0.465,refresh_review,stale_high_volume
3040,content_bb9018e32ba7,0.465,refresh_review,visibility_opportunity
3041,content_e8389526d549,0.465,refresh_review,stale_high_volume
3042,content_bbcde7de697e,0.465,refresh_review,stale_high_volume
3043,content_dc533773e97e,0.465,refresh_review,stale_high_volume
3044,content_544cc7394fc5,0.465,refresh_review,stale_high_volume
3045,content_780059759ff5,0.465,refresh_review,stale_high_volume
3046,content_e8be9cd2e1fe,0.465,refresh_review,stale_high_volume
3047,content_684fb0eecd23,0.465,refresh_review,stale_high_volume
3048,content_bd2d3b02b1cc,0.465,refresh_review,stale_high_volume
3049,content_2851eb1b0839,0.465,refresh_review,stale_high_volume
3050,content_69aa50d0821a,0.465,refresh_review,stale_high_volume
3051,content_1c19b0d3f7d0,0.465,refresh_review,visibility_opportunity
3052,content_6daa046e195c,0.465,refresh_review,stale_high_volume
3053,content_3c95b60d73c0,0.465,refresh_review,visibility_opportunity
3054,content_7171b15dd9f9,0.465,refresh_review,visibility_opportunity
3055,content_0c65039d6b86,0.465,refresh_review,stale_high_volume
3056,content_b1b1392882f8,0.465,refresh_review,visibility_opportunity
3057,content_f11e974ebf4b,0.465,refresh_review,stale_high_volume
3058,content_864e30ed8784,0.465,refresh_review,stale_high_volume
3059,content_e9e8c1c0840d,0.465,refresh_review,visibility_opportunity
3060,content_a102c4a3c1ec,0.465,refresh_review,stale_high_volume
3061,content_f315b1234f5e,0.465,refresh_review,stale_high_volume
3062,content_20a9c1921b74,0.465,refresh_review,stale_high_volume
3063,content_201e6fa0676c,0.465,refresh_review,stale_high_volume
3064,content_1db1b15bf418,0.465,refresh_review,stale_high_volume
3065,content_0d634dfc7731,0.465,refresh_review,visibility_opportunity
3066,content_bd21a274a381,0.465,refresh_review,visibility_opportunity
3067,content_76b80127fd2b,0.46,refresh_review,visibility_opportunity
3068,content_4b70c9928c35,0.46,refresh_review,stale_high_volume
3069,content_eb299374f25e,0.46,refresh_review,stale_high_volume
3070,content_da7ad11e10c3,0.46,refresh_review,stale_high_volume
3071,content_4ebbca3ca29a,0.46,refresh_review,stale_high_volume
3072,content_6238a88e9809,0.46,refresh_review,stale_high_volume
3073,content_2c7d1dcb1a18,0.46,refresh_review,visibility_opportunity
3074,content_3e0d4f33d0b8,0.46,refresh_review,visibility_opportunity
3075,content_9e3816a4198e,0.46,refresh_review,stale_high_volume
3076,content_0474319403e9,0.46,refresh_review,stale_high_volume
3077,content_09a6b180e35c,0.46,refresh_review,stale_high_volume
3078,content_cba44f33db53,0.46,refresh_review,stale_high_volume
3079,content_5158ffc16039,0.46,refresh_review,visibility_opportunity
3080,content_dac0bab9c931,0.46,refresh_review,stale_high_volume
3081,content_72c8c4a76ef1,0.46,refresh_review,visibility_opportunity
3082,content_e7dc05ae7ea0,0.46,refresh_review,visibility_opportunity
3083,content_1a93903d60fb,0.46,refresh_review,stale_high_volume
3084,content_ae802e35d9a9,0.46,refresh_review,stale_high_volume
3085,content_c42047cbce20,0.46,refresh_review,visibility_opportunity
3086,content_dfb3be68b7c7,0.46,refresh_review,stale_high_volume
3087,content_ada5a4ef9650,0.46,refresh_review,stale_high_volume
3088,content_46d1d96a365d,0.46,refresh_review,stale_high_volume
3089,content_da6a103cafcf,0.46,refresh_review,stale_high_volume
3090,content_f23784f17468,0.46,refresh_review,stale_high_volume
3091,content_cad6ddf10c7f,0.46,refresh_review,stale_high_volume
3092,content_c3e11dbcf1ad,0.46,refresh_review,stale_high_volume
3093,content_3b1e4d1ee83c,0.46,refresh_review,visibility_opportunity
3094,content_04ff4a56bacf,0.46,refresh_review,visibility_opportunity
3095,content_a9701cee1030,0.46,refresh_review,stale_high_volume
3096,content_b2bf50ecada6,0.46,refresh_review,stale_high_volume
3097,content_dfb4af26b57b,0.46,refresh_review,visibility_opportunity
3098,content_f6c21596a9d7,0.46,refresh_review,visibility_opportunity
3099,content_d16f344bb84b,0.46,refresh_review,stale_high_volume
3100,content_a18a8aaed4a6,0.46,refresh_review,visibility_opportunity
3101,content_962972165d6a,0.46,refresh_review,stale_high_volume
3102,content_186324addeed,0.46,refresh_review,stale_high_volume
3103,content_fc815a8369f5,0.46,refresh_review,stale_high_volume
3104,content_344ddf4c03d6,0.455,refresh_review,stale_high_volume
3105,content_9440a40f6f4a,0.455,refresh_review,stale_high_volume
3106,content_1cbf234b0599,0.455,refresh_review,visibility_opportunity
3107,content_f4136f6033ae,0.455,refresh_review,visibility_opportunity
3108,content_a14519f42a3e,0.455,refresh_review,visibility_opportunity
3109,content_3b30f008629d,0.455,refresh_review,visibility_opportunity
3110,content_a87f21d52681,0.455,refresh_review,stale_high_volume
3111,content_c6eaf20a0189,0.455,refresh_review,stale_high_volume
3112,content_da8bb080012c,0.455,refresh_review,stale_high_volume
3113,content_34cf15fab5ce,0.455,refresh_review,visibility_opportunity
3114,content_8dc1021270bf,0.455,refresh_review,stale_high_volume
3115,content_bc626e22516b,0.455,refresh_review,stale_high_volume
3116,content_0ca85d2f49be,0.455,refresh_review,visibility_opportunity
3117,content_3dd6a3675a90,0.455,refresh_review,visibility_opportunity
3118,content_0a55ebc4234b,0.455,refresh_review,stale_high_volume
3119,content_c2bebd7cefa3,0.455,refresh_review,stale_high_volume
3120,content_33d1b80a149c,0.455,refresh_review,stale_high_volume
3121,content_8d8538e7cbbf,0.455,refresh_review,stale_high_volume
3122,content_be4d32ea6848,0.455,refresh_review,visibility_opportunity
3123,content_6da3125ed2a5,0.455,refresh_review,stale_high_volume
3124,content_b43d011aff4f,0.455,refresh_review,stale_high_volume
3125,content_d1a08ef06423,0.455,refresh_review,visibility_opportunity
3126,content_a3b4f619337e,0.455,refresh_review,stale_high_volume
3127,content_023998ba5a1b,0.455,refresh_review,stale_high_volume
3128,content_1e717c1b5655,0.455,refresh_review,stale_high_volume
3129,content_e81b02320098,0.455,refresh_review,stale_high_volume
3130,content_cec88fea7a4f,0.455,refresh_review,stale_high_volume
3131,content_cf77a963959c,0.455,refresh_review,stale_high_volume
3132,content_62f7481ff472,0.455,refresh_review,stale_high_volume
3133,content_9abd76d902c3,0.455,refresh_review,stale_high_volume
3134,content_a6ef514fd094,0.455,refresh_review,stale_high_volume
3135,content_901b40631379,0.455,refresh_review,visibility_opportunity
3136,content_e9f1fc510247,0.455,refresh_review,visibility_opportunity
3137,content_f70494633820,0.455,refresh_review,stale_high_volume
3138,content_2b79e83ac9a0,0.455,refresh_review,stale_high_volume
3139,content_f80f7bed7545,0.455,refresh_review,stale_high_volume
3140,content_d80c2f4f82da,0.455,refresh_review,visibility_opportunity
3141,content_882555fb1b4a,0.455,refresh_review,stale_high_volume
3142,content_193dfde4a2d3,0.455,refresh_review,stale_high_volume
3143,content_2db251d1a841,0.455,refresh_review,visibility_opportunity
3144,content_dc57c1fc055e,0.455,refresh_review,stale_high_volume
3145,content_898cc0d1d0ca,0.455,refresh_review,stale_high_volume
3146,content_5498901f83fb,0.455,refresh_review,stale_high_volume
3147,content_181d0c8829a8,0.455,refresh_review,stale_high_volume
3148,content_42452f42c008,0.455,refresh_review,visibility_opportunity
3149,content_a317044eb190,0.45,refresh_review,visibility_opportunity
3150,content_bfe7c8113aed,0.45,refresh_review,stale_high_volume
3151,content_c9fc2aac0673,0.45,refresh_review,visibility_opportunity
3152,content_23b5cceed86f,0.45,refresh_review,visibility_opportunity
3153,content_cd850fb019b1,0.45,refresh_review,stale_high_volume
3154,content_d266e425a2f3,0.45,refresh_review,stale_high_volume
3155,content_03b0b358361b,0.45,refresh_review,visibility_opportunity
3156,content_033ae3e7aecf,0.45,refresh_review,visibility_opportunity
3157,content_77c2de24ad94,0.45,refresh_review,visibility_opportunity
3158,content_0d1bee747e48,0.45,refresh_review,stale_high_volume
3159,content_390797e1f0b8,0.45,refresh_review,stale_high_volume
3160,content_fe0a9670a08e,0.45,refresh_review,stale_high_volume
3161,content_6919e5d1471f,0.45,refresh_review,stale_high_volume
3162,content_a0ccf4e371fd,0.45,refresh_review,stale_high_volume
3163,content_17ef23a45359,0.45,refresh_review,visibility_opportunity
3164,content_6da233543753,0.45,refresh_review,stale_high_volume
3165,content_01f1b971c5ac,0.45,refresh_review,visibility_opportunity
3166,content_9a2ba4e02292,0.45,refresh_review,visibility_opportunity
3167,content_a2de21b4327d,0.45,refresh_review,stale_high_volume
3168,content_4cec69935dee,0.45,refresh_review,visibility_opportunity
3169,content_63138be04619,0.45,refresh_review,stale_high_volume
3170,content_7ca01a22d3f9,0.45,refresh_review,stale_high_volume
3171,content_7107cf349e26,0.45,refresh_review,visibility_opportunity
3172,content_de7e7c07df81,0.45,refresh_review,stale_high_volume
3173,content_03610a21ae97,0.45,refresh_review,stale_high_volume
3174,content_384c96b54551,0.45,refresh_review,stale_high_volume
3175,content_b573ebf82028,0.45,refresh_review,stale_high_volume
3176,content_2a0e5d999eb3,0.45,refresh_review,stale_high_volume
3177,content_d695c77deba2,0.45,refresh_review,stale_high_volume
3178,content_1e43fd141a03,0.45,refresh_review,stale_high_volume
3179,content_80c942af7ae6,0.45,refresh_review,visibility_opportunity
3180,content_3548657b4b4e,0.45,refresh_review,stale_high_volume
3181,content_e54835b2ecd6,0.45,refresh_review,visibility_opportunity
3182,content_cb366b057a5d,0.45,refresh_review,stale_high_volume
3183,content_d46d85035ad2,0.45,refresh_review,stale_high_volume
3184,content_cd185509429c,0.45,refresh_review,stale_high_volume
3185,content_2a14694cca5f,0.45,refresh_review,visibility_opportunity
3186,content_28c3420d0a12,0.45,refresh_review,visibility_opportunity
3187,content_0919434d503e,0.45,refresh_review,visibility_opportunity
3188,content_297ffbe239f4,0.45,refresh_review,stale_high_volume
3189,content_bbcfb606811c,0.45,refresh_review,stale_high_volume
3190,content_78f2e42abf96,0.45,refresh_review,visibility_opportunity
3191,content_17e8b736fca7,0.45,refresh_review,stale_high_volume
3192,content_875936a9d73e,0.45,refresh_review,visibility_opportunity
3193,content_63b0155fe5f8,0.445,refresh_review,stale_high_volume
3194,content_18444c94821e,0.445,refresh_review,stale_high_volume
3195,content_5b764c7a6b7d,0.445,refresh_review,stale_high_volume
3196,content_4573953c8d54,0.445,refresh_review,stale_high_volume
3197,content_4d18563af8b9,0.445,refresh_review,visibility_opportunity
3198,content_7c2f3a6ac0f4,0.445,refresh_review,stale_high_volume
3199,content_d4155589b206,0.445,refresh_review,stale_high_volume
3200,content_d6a454462332,0.445,refresh_review,stale_high_volume
3201,content_b3a34837d536,0.445,refresh_review,stale_high_volume
3202,content_e04f657e2abd,0.445,refresh_review,stale_high_volume
3203,content_727a25d0f92f,0.445,refresh_review,stale_high_volume
3204,content_5dbc18c7697f,0.445,refresh_review,visibility_opportunity
3205,content_5fc851327097,0.445,refresh_review,stale_high_volume
3206,content_3d6091dbb50e,0.445,refresh_review,stale_high_volume
3207,content_41fd9c8c5892,0.445,refresh_review,stale_high_volume
3208,content_ddfe12fa817b,0.445,refresh_review,visibility_opportunity
3209,content_fef9ef17d5a8,0.445,refresh_review,visibility_opportunity
3210,content_7f11755b690f,0.445,refresh_review,stale_high_volume
3211,content_e8743787bbef,0.445,refresh_review,stale_high_volume
3212,content_92dfc8f4d69e,0.445,refresh_review,visibility_opportunity
3213,content_66e131a41173,0.445,refresh_review,visibility_opportunity
3214,content_cd641f3210bd,0.445,refresh_review,stale_high_volume
3215,content_4ccd43ea28b9,0.445,refresh_review,visibility_opportunity
3216,content_4ee813262a51,0.445,refresh_review,stale_high_volume
3217,content_b303d8f83f33,0.445,refresh_review,stale_high_volume
3218,content_2cc463a59613,0.445,refresh_review,visibility_opportunity
3219,content_f72a08df7927,0.445,refresh_review,visibility_opportunity
3220,content_ec6fce716c78,0.445,refresh_review,stale_high_volume
3221,content_57334eec7b85,0.445,refresh_review,visibility_opportunity
3222,content_89c6d52042f5,0.445,refresh_review,stale_high_volume
3223,content_040cd062a4cd,0.445,refresh_review,visibility_opportunity
3224,content_632fb68f9191,0.445,refresh_review,stale_high_volume
3225,content_446c768072a4,0.445,refresh_review,stale_high_volume
3226,content_0e70a832cb7a,0.445,refresh_review,stale_high_volume
3227,content_7a84dac8961d,0.445,refresh_review,visibility_opportunity
3228,content_35aeed8caca0,0.445,refresh_review,visibility_opportunity
3229,content_2054b8cda81d,0.44,refresh_review,visibility_opportunity
3230,content_426e2f454940,0.44,refresh_review,stale_high_volume
3231,content_6bb4133ea8b7,0.44,refresh_review,visibility_opportunity
3232,content_20341c2e4c9f,0.44,refresh_review,stale_high_volume
3233,content_f9e278aebf72,0.44,refresh_review,visibility_opportunity
3234,content_b893116caf50,0.44,refresh_review,stale_high_volume
3235,content_bd4f55aa933f,0.44,refresh_review,visibility_opportunity
3236,content_e965fefb4422,0.44,refresh_review,stale_high_volume
3237,content_44a91994cce7,0.44,refresh_review,stale_high_volume
3238,content_e734ce8f057a,0.44,refresh_review,stale_high_volume
3239,content_4c126bb257a9,0.44,refresh_review,stale_high_volume
3240,content_624b89ae5eba,0.44,refresh_review,visibility_opportunity
3241,content_27b5f3558e46,0.44,refresh_review,stale_high_volume
3242,content_f39c6a2b0a06,0.44,refresh_review,stale_high_volume
3243,content_5a9d3d70cd90,0.44,refresh_review,visibility_opportunity
3244,content_93edea54a28f,0.44,refresh_review,stale_high_volume
3245,content_11059b6cbd65,0.44,refresh_review,stale_high_volume
3246,content_ea52aa5790c1,0.44,refresh_review,stale_high_volume
3247,content_bfefd747bdff,0.44,refresh_review,stale_high_volume
3248,content_3c8a47ddc9a2,0.44,refresh_review,visibility_opportunity
3249,content_de8736cc0484,0.44,refresh_review,stale_high_volume
3250,content_a68032fd9bf5,0.44,refresh_review,visibility_opportunity
3251,content_b028e7b30ae6,0.44,refresh_review,stale_high_volume
3252,content_62c82e9e70b8,0.44,refresh_review,stale_high_volume
3253,content_4d6923d17c10,0.44,refresh_review,visibility_opportunity
3254,content_f636be06f1c1,0.44,refresh_review,stale_high_volume
3255,content_4179f6cc94e1,0.44,refresh_review,stale_high_volume
3256,content_ed4f9ab58560,0.44,refresh_review,stale_high_volume
3257,content_f0eab88acf23,0.44,refresh_review,stale_high_volume
3258,content_761bd8633dfa,0.44,refresh_review,stale_high_volume
3259,content_fd1cb7ce68f8,0.44,refresh_review,stale_high_volume
3260,content_3cdc1b30d728,0.44,refresh_review,visibility_opportunity
3261,content_d8093280e426,0.44,refresh_review,visibility_opportunity
3262,content_b95e23d40b5d,0.44,refresh_review,stale_high_volume
3263,content_5820260936ca,0.44,refresh_review,stale_high_volume
3264,content_fe07b4b122f2,0.44,refresh_review,stale_high_volume
3265,content_5b382a819126,0.44,refresh_review,stale_high_volume
3266,content_ea2c693b640c,0.44,refresh_review,visibility_opportunity
3267,content_ed6385c45ca3,0.44,refresh_review,stale_high_volume
3268,content_e022dca246c3,0.44,refresh_review,stale_high_volume
3269,content_6da95ceaa9bb,0.44,refresh_review,stale_high_volume
3270,content_8aa1356f4cef,0.44,refresh_review,visibility_opportunity
3271,content_61503690505f,0.44,refresh_review,stale_high_volume
3272,content_657004394056,0.44,refresh_review,visibility_opportunity
3273,content_729cc06d3477,0.44,refresh_review,visibility_opportunity
3274,content_496f4619c97a,0.44,refresh_review,visibility_opportunity
3275,content_0444b03c0142,0.435,refresh_review,visibility_opportunity
3276,content_0919dd345d80,0.435,refresh_review,stale_high_volume
3277,content_dcebfd222b10,0.435,refresh_review,visibility_opportunity
3278,content_279959931918,0.435,refresh_review,stale_high_volume
3279,content_65ce101bd739,0.435,refresh_review,visibility_opportunity
3280,content_a6b64150990e,0.435,refresh_review,stale_high_volume
3281,content_51358c64f062,0.435,refresh_review,stale_high_volume
3282,content_f4112cc1e668,0.435,refresh_review,visibility_opportunity
3283,content_29d504c9de3a,0.435,refresh_review,stale_high_volume
3284,content_8f376758eb86,0.435,refresh_review,visibility_opportunity
3285,content_5fae218025f1,0.435,refresh_review,stale_high_volume
3286,content_6b67c651f332,0.435,refresh_review,visibility_opportunity
3287,content_fb6a65a234fb,0.435,refresh_review,stale_high_volume
3288,content_012c40b3c72f,0.435,refresh_review,visibility_opportunity
3289,content_ab86fe44dea1,0.435,refresh_review,stale_high_volume
3290,content_8b9d9d013337,0.435,refresh_review,stale_high_volume
3291,content_6fd907bb1711,0.435,refresh_review,visibility_opportunity
3292,content_0d884f1a931e,0.435,refresh_review,stale_high_volume
3293,content_2beb015efc3b,0.435,refresh_review,visibility_opportunity
3294,content_0b94cd5e95af,0.435,refresh_review,stale_high_volume
3295,content_eace48a195da,0.435,refresh_review,stale_high_volume
3296,content_7448304bec7f,0.435,refresh_review,visibility_opportunity
3297,content_71016f1e93cf,0.435,refresh_review,visibility_opportunity
3298,content_93ebdcd73dd9,0.435,refresh_review,visibility_opportunity
3299,content_1d637966d2d2,0.435,refresh_review,stale_high_volume
3300,content_2d92cc08f225,0.435,refresh_review,stale_high_volume
3301,content_6926821766df,0.435,refresh_review,visibility_opportunity
3302,content_a4f5499a6122,0.435,refresh_review,stale_high_volume
3303,content_5a3d4457e7db,0.435,refresh_review,stale_high_volume
3304,content_833504301aed,0.435,refresh_review,visibility_opportunity
3305,content_848779dc2781,0.435,refresh_review,stale_high_volume
3306,content_c4a6fa4ffe22,0.435,refresh_review,stale_high_volume
3307,content_c63decebf95b,0.435,refresh_review,visibility_opportunity
3308,content_f20bd6333741,0.435,refresh_review,visibility_opportunity
3309,content_93a2b2c62298,0.435,refresh_review,stale_high_volume
3310,content_2ad130bda1a7,0.435,refresh_review,visibility_opportunity
3311,content_ea9db7a9f75b,0.435,refresh_review,stale_high_volume
3312,content_f7cf83f3d4f3,0.435,refresh_review,stale_high_volume
3313,content_2a6a41cdfcbe,0.435,refresh_review,stale_high_volume
3314,content_771d1c101cda,0.435,refresh_review,visibility_opportunity
3315,content_d6d6981499b6,0.43,refresh_review,stale_high_volume
3316,content_54e54c775717,0.43,refresh_review,stale_high_volume
3317,content_94defa9a6783,0.43,refresh_review,visibility_opportunity
3318,content_37fb0f66d2d8,0.43,refresh_review,visibility_opportunity
3319,content_8ae493fb4fb8,0.43,refresh_review,visibility_opportunity
3320,content_bf54f1b66e17,0.43,refresh_review,stale_high_volume
3321,content_efc38750921d,0.43,refresh_review,stale_high_volume
3322,content_c7bfb3fb5e53,0.43,refresh_review,visibility_opportunity
3323,content_908eb37ffde0,0.43,refresh_review,visibility_opportunity
3324,content_bc30d6697d2b,0.43,refresh_review,stale_high_volume
3325,content_d70ada757917,0.43,refresh_review,stale_high_volume
3326,content_58c4b92b92aa,0.43,refresh_review,visibility_opportunity
3327,content_15b1464743fc,0.43,refresh_review,stale_high_volume
3328,content_1fc9c8f39bfa,0.43,refresh_review,stale_high_volume
3329,content_0a38b4739f62,0.43,refresh_review,stale_high_volume
3330,content_7180e5f9adcd,0.43,refresh_review,stale_high_volume
3331,content_f6d6279d84be,0.43,refresh_review,stale_high_volume
3332,content_5c9c124097bc,0.43,refresh_review,stale_high_volume
3333,content_9f191320f383,0.43,refresh_review,visibility_opportunity
3334,content_a8054ef7fc19,0.43,refresh_review,stale_high_volume
3335,content_45250b3944bc,0.43,refresh_review,stale_high_volume
3336,content_3bcd83e14b4c,0.43,refresh_review,visibility_opportunity
3337,content_7751a002ea43,0.43,refresh_review,visibility_opportunity
3338,content_ea865bea72fb,0.43,refresh_review,visibility_opportunity
3339,content_e1cd979ce9e6,0.43,refresh_review,visibility_opportunity
3340,content_3a4704b3910b,0.43,refresh_review,visibility_opportunity
3341,content_fff8e7360d01,0.43,refresh_review,stale_high_volume
3342,content_3ba982075eba,0.43,refresh_review,stale_high_volume
3343,content_f2a9e5e1840d,0.43,refresh_review,stale_high_volume
3344,content_8e6a479b67c3,0.43,refresh_review,stale_high_volume
3345,content_1ebadcc705b1,0.43,refresh_review,stale_high_volume
3346,content_7703e04bff7a,0.43,refresh_review,visibility_opportunity
3347,content_2ceef0464663,0.43,refresh_review,visibility_opportunity
3348,content_53e38ea20dcd,0.43,refresh_review,stale_high_volume
3349,content_47733ed83880,0.43,refresh_review,visibility_opportunity
3350,content_7270758c1e78,0.43,refresh_review,stale_high_volume
3351,content_028f9aa4ac3c,0.43,refresh_review,visibility_opportunity
3352,content_a5dbb404bdc2,0.43,refresh_review,visibility_opportunity
3353,content_6c61a9a0c897,0.43,refresh_review,visibility_opportunity
3354,content_eee936f70d76,0.425,refresh_review,stale_high_volume
3355,content_66c2d265640d,0.425,refresh_review,stale_high_volume
3356,content_e7ba1b0ebce8,0.425,refresh_review,visibility_opportunity
3357,content_a5b06020eb2e,0.425,refresh_review,stale_high_volume
3358,content_12269c796b58,0.425,refresh_review,stale_high_volume
3359,content_864fec53a163,0.425,refresh_review,stale_high_volume
3360,content_21b7a5699ae0,0.425,refresh_review,visibility_opportunity
3361,content_8d8eb914151b,0.425,refresh_review,stale_high_volume
3362,content_24b028626e04,0.425,refresh_review,visibility_opportunity
3363,content_fc1213c8f132,0.425,refresh_review,visibility_opportunity
3364,content_c213697430c0,0.425,refresh_review,stale_high_volume
3365,content_281444f1d71d,0.425,refresh_review,stale_high_volume
3366,content_1e445ab8e155,0.425,refresh_review,visibility_opportunity
3367,content_02141810795a,0.425,refresh_review,stale_high_volume
3368,content_ece893172ee5,0.425,refresh_review,stale_high_volume
3369,content_843cd874df3d,0.425,refresh_review,visibility_opportunity
3370,content_5020ecbfa404,0.425,refresh_review,visibility_opportunity
3371,content_b20d97950e9d,0.425,refresh_review,visibility_opportunity
3372,content_eae0d1cb0893,0.425,refresh_review,visibility_opportunity
3373,content_9db1d0588536,0.425,refresh_review,stale_high_volume
3374,content_bb878c56b949,0.425,refresh_review,stale_high_volume
3375,content_3335b2a38d5f,0.425,refresh_review,stale_high_volume
3376,content_45b8c3850ec7,0.425,refresh_review,stale_high_volume
3377,content_f0fcd963012f,0.425,refresh_review,stale_high_volume
3378,content_78b1c955565a,0.425,refresh_review,stale_high_volume
3379,content_dfbd76532fb8,0.425,refresh_review,stale_high_volume
3380,content_698fe3b450ac,0.425,refresh_review,stale_high_volume
3381,content_6dcaf630155b,0.425,refresh_review,visibility_opportunity
3382,content_f87ff9f55f70,0.425,refresh_review,stale_high_volume
3383,content_972356a4c7c6,0.425,refresh_review,stale_high_volume
3384,content_dabc9953dae7,0.425,refresh_review,stale_high_volume
3385,content_755ee703ed7a,0.425,refresh_review,visibility_opportunity
3386,content_bcaf29cf76c1,0.425,refresh_review,stale_high_volume
3387,content_fe102fe99c2e,0.425,refresh_review,stale_high_volume
3388,content_6bcc05d40b17,0.425,refresh_review,stale_high_volume
3389,content_ace104f58973,0.425,refresh_review,stale_high_volume
3390,content_cdab2c92c3a2,0.425,refresh_review,visibility_opportunity
3391,content_4abe558a7264,0.425,refresh_review,stale_high_volume
3392,content_a4758ce256b5,0.425,refresh_review,stale_high_volume
3393,content_277879fdcbcd,0.42,refresh_review,stale_high_volume
3394,content_961ce1c405e1,0.42,refresh_review,stale_high_volume
3395,content_49001e07f686,0.42,refresh_review,visibility_opportunity
3396,content_1a0678c7d3e6,0.42,refresh_review,visibility_opportunity
3397,content_3f7e05acc03b,0.42,refresh_review,stale_high_volume
3398,content_99c03a69af85,0.42,refresh_review,stale_high_volume
3399,content_b5e9f5138959,0.42,refresh_review,visibility_opportunity
3400,content_709da7bf601e,0.42,refresh_review,visibility_opportunity
3401,content_48dd1fd1c0bc,0.42,refresh_review,visibility_opportunity
3402,content_61f4a24677e0,0.42,refresh_review,stale_high_volume
3403,content_6b5f0ad50076,0.42,refresh_review,visibility_opportunity
3404,content_a52c1485b2dd,0.42,refresh_review,visibility_opportunity
3405,content_b4c32cbc78f6,0.42,refresh_review,stale_high_volume
3406,content_e6c3998c24e8,0.42,refresh_review,visibility_opportunity
3407,content_5d935a36c301,0.42,refresh_review,stale_high_volume
3408,content_ec7b8098875c,0.42,refresh_review,stale_high_volume
3409,content_2e2195595695,0.42,refresh_review,stale_high_volume
3410,content_7a18ebbbb60a,0.42,refresh_review,stale_high_volume
3411,content_67b7450f085b,0.42,refresh_review,stale_high_volume
3412,content_e5304691e3cc,0.42,refresh_review,stale_high_volume
3413,content_7f78f0279893,0.42,refresh_review,visibility_opportunity
3414,content_d983fb4ec74f,0.42,refresh_review,stale_high_volume
3415,content_67e4a3489ca1,0.42,refresh_review,visibility_opportunity
3416,content_a52f24b243fd,0.42,refresh_review,stale_high_volume
3417,content_318098e3920c,0.42,refresh_review,visibility_opportunity
3418,content_32948fbafc29,0.42,refresh_review,stale_high_volume
3419,content_b7e4fd5e6aa4,0.42,refresh_review,stale_high_volume
3420,content_79aa5aa9e4a7,0.42,refresh_review,stale_high_volume
3421,content_c9147cda01f0,0.42,refresh_review,stale_high_volume
3422,content_cc535f78c6c3,0.42,refresh_review,visibility_opportunity
3423,content_2af097f4fae4,0.42,refresh_review,visibility_opportunity
3424,content_41480cbe54b2,0.42,refresh_review,stale_high_volume
3425,content_ea06fbafff10,0.42,refresh_review,visibility_opportunity
3426,content_7fe7914ad0e0,0.42,refresh_review,stale_high_volume
3427,content_4ada3922dcb2,0.42,refresh_review,visibility_opportunity
3428,content_0095046d0282,0.42,refresh_review,stale_high_volume
3429,content_d08553fbe31d,0.415,refresh_review,stale_high_volume
3430,content_f9563540cd75,0.415,refresh_review,visibility_opportunity
3431,content_e25a5ef7ae33,0.415,refresh_review,stale_high_volume
3432,content_a4fd2c3517e7,0.415,refresh_review,stale_high_volume
3433,content_a1207db565d9,0.415,refresh_review,stale_high_volume
3434,content_21612db808d2,0.415,refresh_review,stale_high_volume
3435,content_001707c6d170,0.415,refresh_review,visibility_opportunity
3436,content_e3d9d943dfb8,0.415,refresh_review,visibility_opportunity
3437,content_da55530ba08e,0.415,refresh_review,stale_high_volume
3438,content_0ce7d363d317,0.415,refresh_review,stale_high_volume
3439,content_40c4fad48474,0.415,refresh_review,stale_high_volume
3440,content_50f959fda206,0.415,refresh_review,stale_high_volume
3441,content_4ebb11b334f1,0.415,refresh_review,visibility_opportunity
3442,content_c8e7e069617c,0.415,refresh_review,visibility_opportunity
3443,content_c90c7cab5965,0.415,refresh_review,stale_high_volume
3444,content_624b2fd8dca5,0.415,refresh_review,visibility_opportunity
3445,content_6b42235cade4,0.415,refresh_review,visibility_opportunity
3446,content_3b65412af818,0.415,refresh_review,stale_high_volume
3447,content_f223bccd09b2,0.415,refresh_review,stale_high_volume
3448,content_ee43ec7cc83b,0.415,refresh_review,stale_high_volume
3449,content_21d79c60f58d,0.415,refresh_review,stale_high_volume
3450,content_61f1658abb27,0.415,refresh_review,stale_high_volume
3451,content_83100747c9cb,0.415,refresh_review,visibility_opportunity
3452,content_29e0a52ad77a,0.415,refresh_review,stale_high_volume
3453,content_05a2af517f14,0.415,refresh_review,visibility_opportunity
3454,content_2cb8b923f6d8,0.415,refresh_review,stale_high_volume
3455,content_d9b22972eaae,0.415,refresh_review,stale_high_volume
3456,content_7bf0aff635f4,0.415,refresh_review,stale_high_volume
3457,content_7ae89edc84f4,0.415,refresh_review,stale_high_volume
3458,content_5b4034650f3f,0.415,refresh_review,visibility_opportunity
3459,content_c135155d7fdc,0.415,refresh_review,visibility_opportunity
3460,content_1cc38b3f04d2,0.415,refresh_review,stale_high_volume
3461,content_04ff14276199,0.415,refresh_review,stale_high_volume
3462,content_f9ca4044fc87,0.415,refresh_review,stale_high_volume
3463,content_f39d455f5d38,0.415,refresh_review,stale_high_volume
3464,content_2d52b9444c90,0.415,refresh_review,visibility_opportunity
3465,content_47e03bf0b0b8,0.415,refresh_review,stale_high_volume
3466,content_c87919f2b762,0.415,refresh_review,visibility_opportunity
3467,content_c54bea44135d,0.415,refresh_review,stale_high_volume
3468,content_b899aa06520a,0.415,refresh_review,visibility_opportunity
3469,content_989ed7a15341,0.415,refresh_review,visibility_opportunity
3470,content_574f08786f19,0.415,refresh_review,visibility_opportunity
3471,content_a6cb5ab8b859,0.415,refresh_review,stale_high_volume
3472,content_101ecdbccedc,0.415,refresh_review,visibility_opportunity
3473,content_33715a7a40dd,0.415,refresh_review,stale_high_volume
3474,content_b7fef277c982,0.41,refresh_review,visibility_opportunity
3475,content_4a1694ef8899,0.41,refresh_review,stale_high_volume
3476,content_bc4411bf8d9f,0.41,refresh_review,stale_high_volume
3477,content_520fe1dae737,0.41,refresh_review,stale_high_volume
3478,content_40cb4af260c0,0.41,refresh_review,visibility_opportunity
3479,content_ed7432d0bdff,0.41,refresh_review,stale_high_volume
3480,content_7469fe7380c5,0.41,refresh_review,stale_high_volume
3481,content_14b91a8ba3cc,0.41,refresh_review,visibility_opportunity
3482,content_7d147b1c4115,0.41,refresh_review,stale_high_volume
3483,content_a9b8345dc366,0.41,refresh_review,stale_high_volume
3484,content_9a0d8500dd3e,0.41,refresh_review,stale_high_volume
3485,content_77ed8bbc1d2a,0.41,refresh_review,stale_high_volume
3486,content_a15c768760bd,0.41,refresh_review,visibility_opportunity
3487,content_2f4d5fa274a0,0.41,refresh_review,visibility_opportunity
3488,content_7f7d3a9330bd,0.41,refresh_review,stale_high_volume
3489,content_db6997105471,0.41,refresh_review,stale_high_volume
3490,content_da476514f660,0.41,refresh_review,stale_high_volume
3491,content_7fafa0ffde60,0.41,refresh_review,visibility_opportunity
3492,content_a9784de463d9,0.41,refresh_review,stale_high_volume
3493,content_e29d4ca869bf,0.41,refresh_review,visibility_opportunity
3494,content_5fb8424bac43,0.41,refresh_review,visibility_opportunity
3495,content_299ec9fd826c,0.41,refresh_review,visibility_opportunity
3496,content_ea717c5db1ba,0.41,refresh_review,stale_high_volume
3497,content_cdc670392ad0,0.41,refresh_review,stale_high_volume
3498,content_06521c9216a0,0.41,refresh_review,visibility_opportunity
3499,content_961ada8ff7ee,0.41,refresh_review,stale_high_volume
3500,content_70ffd3d6e9c2,0.41,refresh_review,stale_high_volume
3501,content_e331f45208a0,0.41,refresh_review,visibility_opportunity
3502,content_93de0089bfe5,0.41,refresh_review,stale_high_volume
3503,content_4ef888bc7987,0.41,refresh_review,visibility_opportunity
3504,content_f6fea6270cfd,0.41,refresh_review,stale_high_volume
3505,content_e9bc92689a75,0.41,refresh_review,stale_high_volume
3506,content_f3464a853034,0.41,refresh_review,visibility_opportunity
3507,content_8189ba254e13,0.41,refresh_review,stale_high_volume
3508,content_4a77f09bb322,0.41,refresh_review,stale_high_volume
3509,content_41ba077972d9,0.41,refresh_review,visibility_opportunity
3510,content_2c546f720c93,0.41,refresh_review,stale_high_volume
3511,content_36a02b1565e3,0.41,refresh_review,stale_high_volume
3512,content_94c4557adbde,0.41,refresh_review,visibility_opportunity
3513,content_b0981fa41b7a,0.41,refresh_review,stale_high_volume
3514,content_7e59e5b05d2d,0.41,refresh_review,visibility_opportunity
3515,content_0969af623440,0.41,refresh_review,stale_high_volume
3516,content_c26f81d804cc,0.41,refresh_review,stale_high_volume
3517,content_5b4202c5f7f0,0.41,refresh_review,stale_high_volume
3518,content_7385e90f8a18,0.41,refresh_review,stale_high_volume
3519,content_4668ed45b73e,0.405,refresh_review,visibility_opportunity
3520,content_059abcdaf2f2,0.405,refresh_review,stale_high_volume
3521,content_4438cb982246,0.405,refresh_review,visibility_opportunity
3522,content_50a911ca4a35,0.405,refresh_review,visibility_opportunity
3523,content_445693fe3d02,0.405,refresh_review,stale_high_volume
3524,content_fbd7e6d85ff9,0.405,refresh_review,stale_high_volume
3525,content_413796c28a95,0.405,refresh_review,stale_high_volume
3526,content_c3b4f551e745,0.405,refresh_review,stale_high_volume
3527,content_8b8d92de4642,0.405,refresh_review,stale_high_volume
3528,content_1c0a41630b5c,0.405,refresh_review,stale_high_volume
3529,content_f5334f59cc82,0.405,refresh_review,stale_high_volume
3530,content_2acee0ce6421,0.405,refresh_review,stale_high_volume
3531,content_38bab00f71e2,0.405,refresh_review,visibility_opportunity
3532,content_2bde19bfd8f8,0.405,refresh_review,stale_high_volume
3533,content_ad25fc1532c8,0.405,refresh_review,stale_high_volume
3534,content_4014e91c398f,0.405,refresh_review,stale_high_volume
3535,content_8cbd08b4d595,0.405,refresh_review,stale_high_volume
3536,content_33b66ae561a7,0.405,refresh_review,stale_high_volume
3537,content_85fc64b9979f,0.405,refresh_review,visibility_opportunity
3538,content_d70867535282,0.405,refresh_review,stale_high_volume
3539,content_239c6dd5db4f,0.405,refresh_review,visibility_opportunity
3540,content_1fa3af7deff2,0.405,refresh_review,visibility_opportunity
3541,content_ff48c7c2225b,0.405,refresh_review,visibility_opportunity
3542,content_3bd8c9090458,0.405,refresh_review,stale_high_volume
3543,content_d147fe67910a,0.405,refresh_review,visibility_opportunity
3544,content_08f887455134,0.405,refresh_review,stale_high_volume
3545,content_0103f50ac92e,0.405,refresh_review,visibility_opportunity
3546,content_a3a47d734b8a,0.405,refresh_review,visibility_opportunity
3547,content_0733c992bdbf,0.405,refresh_review,stale_high_volume
3548,content_5252bc52c467,0.405,refresh_review,visibility_opportunity
3549,content_4c81259a2c9a,0.405,refresh_review,stale_high_volume
3550,content_41b9387cdf24,0.405,refresh_review,visibility_opportunity
3551,content_79c56d57697d,0.405,refresh_review,stale_high_volume
3552,content_f6563999cf20,0.405,refresh_review,stale_high_volume
3553,content_7fca9ecf75c0,0.405,refresh_review,visibility_opportunity
3554,content_f2ac0b4ca7b0,0.405,refresh_review,stale_high_volume
3555,content_7f02ea9e3edd,0.405,refresh_review,stale_high_volume
3556,content_451ec9fc7e27,0.405,refresh_review,visibility_opportunity
3557,content_1ff47abbc82b,0.405,refresh_review,visibility_opportunity
3558,content_82bd3b63e2f8,0.405,refresh_review,stale_high_volume
3559,content_fc7b2c7c7bb7,0.405,refresh_review,visibility_opportunity
3560,content_6659c30f0631,0.405,refresh_review,stale_high_volume
3561,content_f2ae8c0e865b,0.405,refresh_review,visibility_opportunity
3562,content_e724dc58db30,0.405,refresh_review,visibility_opportunity
3563,content_bd6486743ec2,0.405,refresh_review,stale_high_volume
3564,content_8a8b6089b6da,0.4,refresh_review,stale_high_volume
3565,content_6da57e02084e,0.4,refresh_review,stale_high_volume
3566,content_bc16ae58b10d,0.4,refresh_review,stale_high_volume
3567,content_e069ebcf608e,0.4,refresh_review,visibility_opportunity
3568,content_d39c538aae1d,0.4,refresh_review,stale_high_volume
3569,content_cea79ef51519,0.4,refresh_review,visibility_opportunity
3570,content_fb420d1701ee,0.4,refresh_review,stale_high_volume
3571,content_d677f029a39e,0.4,refresh_review,stale_high_volume
3572,content_e12868d1f396,0.4,refresh_review,stale_high_volume
3573,content_39e71545d840,0.4,refresh_review,stale_high_volume
3574,content_3d008db75274,0.4,refresh_review,visibility_opportunity
3575,content_c473347996ee,0.4,refresh_review,visibility_opportunity
3576,content_322ac9c5f39f,0.4,refresh_review,stale_high_volume
3577,content_c59a181ee3c0,0.4,refresh_review,stale_high_volume
3578,content_92414e34ded3,0.4,refresh_review,stale_high_volume
3579,content_45b120bb0885,0.4,refresh_review,stale_high_volume
3580,content_26da1548ae16,0.4,refresh_review,stale_high_volume
3581,content_6001c2eabb75,0.4,refresh_review,visibility_opportunity
3582,content_5ec81b962409,0.4,refresh_review,stale_high_volume
3583,content_a557ce775151,0.4,refresh_review,stale_high_volume
3584,content_41444315ad9d,0.4,refresh_review,stale_high_volume
3585,content_7fa278a3cfeb,0.4,refresh_review,visibility_opportunity
3586,content_6e2f3780a39e,0.4,refresh_review,visibility_opportunity
3587,content_43908979b8b2,0.4,refresh_review,stale_high_volume
3588,content_9b0075a45056,0.4,refresh_review,visibility_opportunity
3589,content_987cec01883e,0.4,refresh_review,visibility_opportunity
3590,content_9b723fbd3669,0.4,refresh_review,stale_high_volume
3591,content_0cb652bd058e,0.4,refresh_review,visibility_opportunity
3592,content_77ac7d024218,0.4,refresh_review,stale_high_volume
3593,content_52cf99c131bc,0.4,refresh_review,stale_high_volume
3594,content_06ce9797fd65,0.4,refresh_review,stale_high_volume
3595,content_cf358d1c9b18,0.4,refresh_review,stale_high_volume
3596,content_8acc02dd9cad,0.4,refresh_review,stale_high_volume
3597,content_dc742294bac0,0.4,refresh_review,visibility_opportunity
3598,content_3ee1a418a1ff,0.4,refresh_review,stale_high_volume
3599,content_5825f1c45ece,0.4,refresh_review,stale_high_volume
3600,content_7d91b762b534,0.4,refresh_review,stale_high_volume
3601,content_cff1608c60c4,0.4,refresh_review,visibility_opportunity
3602,content_554675403de2,0.4,refresh_review,visibility_opportunity
3603,content_df07516da8db,0.4,refresh_review,visibility_opportunity
3604,content_a1f14c675f81,0.4,refresh_review,stale_high_volume
3605,content_026916bfa9ab,0.4,refresh_review,stale_high_volume
3606,content_f516cec15df8,0.4,refresh_review,stale_high_volume
3607,content_ddf94c986f43,0.4,refresh_review,visibility_opportunity
3608,content_0e377a1d8c78,0.4,refresh_review,visibility_opportunity
3609,content_607b68ae4a6f,0.4,refresh_review,visibility_opportunity
3610,content_580c8f4bdc55,0.4,refresh_review,visibility_opportunity
3611,content_696352d1b5c5,0.4,refresh_review,stale_high_volume
3612,content_508d030c8162,0.4,refresh_review,stale_high_volume
3613,content_f297a8c6b841,0.4,refresh_review,visibility_opportunity
3614,content_0929b60950cb,0.395,refresh_review,stale_high_volume
3615,content_e50a21ac4fd2,0.395,refresh_review,stale_high_volume
3616,content_d55b83aff7c7,0.395,refresh_review,visibility_opportunity
3617,content_aad06835b82a,0.395,refresh_review,stale_high_volume
3618,content_dd55a66e608f,0.395,refresh_review,stale_high_volume
3619,content_f1332ac40751,0.395,refresh_review,stale_high_volume
3620,content_a4ffa2f040ad,0.395,refresh_review,visibility_opportunity
3621,content_bd56e6b4d707,0.395,refresh_review,visibility_opportunity
3622,content_d7e06239830f,0.395,refresh_review,visibility_opportunity
3623,content_5099fd7ada65,0.395,refresh_review,stale_high_volume
3624,content_fd7153335627,0.395,refresh_review,stale_high_volume
3625,content_e4ef2cbd84c9,0.395,refresh_review,stale_high_volume
3626,content_a058442fa0f6,0.395,refresh_review,stale_high_volume
3627,content_007d1f134801,0.395,refresh_review,stale_high_volume
3628,content_1c4abe3464d7,0.395,refresh_review,visibility_opportunity
3629,content_eac9815a500f,0.395,refresh_review,stale_high_volume
3630,content_8fd245d1965b,0.395,refresh_review,stale_high_volume
3631,content_634a50fa7fad,0.395,refresh_review,stale_high_volume
3632,content_b9d209fe1deb,0.395,refresh_review,stale_high_volume
3633,content_3b66ce5fb84c,0.395,refresh_review,stale_high_volume
3634,content_31c66d071a62,0.395,refresh_review,stale_high_volume
3635,content_136040f6cced,0.395,refresh_review,stale_high_volume
3636,content_ac2e5217e4f1,0.395,refresh_review,stale_high_volume
3637,content_9d3c56c14cc8,0.395,refresh_review,stale_high_volume
3638,content_deb2676eeef1,0.395,refresh_review,stale_high_volume
3639,content_e474339b073f,0.395,refresh_review,stale_high_volume
3640,content_303f468a9201,0.395,refresh_review,stale_high_volume
3641,content_6b6c0168bc79,0.395,refresh_review,stale_high_volume
3642,content_3446a7e3222d,0.395,refresh_review,stale_high_volume
3643,content_ba260429079f,0.395,refresh_review,stale_high_volume
3644,content_76058040d76a,0.395,refresh_review,visibility_opportunity
3645,content_e7af0b1db174,0.395,refresh_review,stale_high_volume
3646,content_c97ce8d47eef,0.395,refresh_review,visibility_opportunity
3647,content_524beeec873c,0.395,refresh_review,stale_high_volume
3648,content_bfec24fd6a60,0.395,refresh_review,visibility_opportunity
3649,content_6f9a9c5aa19f,0.395,refresh_review,stale_high_volume
3650,content_c9a8f7f9d050,0.395,refresh_review,visibility_opportunity
3651,content_a4df4a987bec,0.395,refresh_review,visibility_opportunity
3652,content_2a543aa2b4e6,0.395,refresh_review,visibility_opportunity
3653,content_ebb156249110,0.395,refresh_review,visibility_opportunity
3654,content_c7d02069ea9e,0.395,refresh_review,stale_high_volume
3655,content_79d7f967722d,0.395,refresh_review,stale_high_volume
3656,content_651f3931aac1,0.395,refresh_review,stale_high_volume
3657,content_18c6c376df8c,0.39,refresh_review,stale_high_volume
3658,content_23b6f939d30b,0.39,refresh_review,visibility_opportunity
3659,content_8a1fbaf0f871,0.39,refresh_review,stale_high_volume
3660,content_778761ba6fc7,0.39,refresh_review,stale_high_volume
3661,content_0be4977b4fcd,0.39,refresh_review,visibility_opportunity
3662,content_97edd9d31897,0.39,refresh_review,stale_high_volume
3663,content_4d6c160998d8,0.39,refresh_review,visibility_opportunity
3664,content_a2656a6179ff,0.39,refresh_review,visibility_opportunity
3665,content_a4188e703dee,0.39,refresh_review,stale_high_volume
3666,content_8f4950b33cf7,0.39,refresh_review,stale_high_volume
3667,content_ca79acba2440,0.39,refresh_review,stale_high_volume
3668,content_3b50b0c27334,0.39,refresh_review,stale_high_volume
3669,content_073d53bacb8f,0.39,refresh_review,stale_high_volume
3670,content_c2fd16a452da,0.39,refresh_review,stale_high_volume
3671,content_d0f7c342f563,0.39,refresh_review,visibility_opportunity
3672,content_e3258a34514b,0.39,refresh_review,stale_high_volume
3673,content_a5114e80f6bb,0.39,refresh_review,stale_high_volume
3674,content_b92a65abeeab,0.39,refresh_review,stale_high_volume
3675,content_cf1423480af0,0.39,refresh_review,stale_high_volume
3676,content_4d83f1356803,0.39,refresh_review,visibility_opportunity
3677,content_87845043b009,0.39,refresh_review,stale_high_volume
3678,content_a78a64d5caf8,0.39,refresh_review,stale_high_volume
3679,content_40182f222dc7,0.39,refresh_review,visibility_opportunity
3680,content_e213f34f4690,0.39,refresh_review,visibility_opportunity
3681,content_b060a56e168e,0.39,refresh_review,stale_high_volume
3682,content_138e5f3d747a,0.39,refresh_review,visibility_opportunity
3683,content_c09a11d9c224,0.39,refresh_review,stale_high_volume
3684,content_a8f687741c21,0.39,refresh_review,visibility_opportunity
3685,content_5d19d2275db8,0.39,refresh_review,stale_high_volume
3686,content_6ab1ba993c43,0.39,refresh_review,visibility_opportunity
3687,content_8ec395d92334,0.39,refresh_review,visibility_opportunity
3688,content_1c4bf0a1603a,0.39,refresh_review,visibility_opportunity
3689,content_194943497a85,0.39,refresh_review,visibility_opportunity
3690,content_bce275871a25,0.39,refresh_review,visibility_opportunity
3691,content_58a4687474f3,0.39,refresh_review,visibility_opportunity
3692,content_818a291377e2,0.39,refresh_review,stale_high_volume
3693,content_3db5f4f440b0,0.39,refresh_review,stale_high_volume
3694,content_6a5c64af1faa,0.39,refresh_review,visibility_opportunity
3695,content_cb68dbec7d3d,0.39,refresh_review,stale_high_volume
3696,content_4bc9157109f4,0.39,refresh_review,visibility_opportunity
3697,content_4fe68329e821,0.39,refresh_review,visibility_opportunity
3698,content_62193710bde8,0.385,refresh_review,visibility_opportunity
3699,content_d30f062eab20,0.385,refresh_review,stale_high_volume
3700,content_be180d34dddf,0.385,refresh_review,stale_high_volume
3701,content_33ec03adce0d,0.385,refresh_review,stale_high_volume
3702,content_6adb914d0e05,0.385,refresh_review,visibility_opportunity
3703,content_d5898d99ed25,0.385,refresh_review,visibility_opportunity
3704,content_2611b07ac9ad,0.385,refresh_review,stale_high_volume
3705,content_a3aee9f9c8ac,0.385,refresh_review,visibility_opportunity
3706,content_6ef6a4c45ebe,0.385,refresh_review,stale_high_volume
3707,content_80be70a84a56,0.385,refresh_review,stale_high_volume
3708,content_06954b8a7f8d,0.385,refresh_review,stale_high_volume
3709,content_b39885a157fd,0.385,refresh_review,stale_high_volume
3710,content_9c30538ef131,0.385,refresh_review,stale_high_volume
3711,content_b63ea08e8bc1,0.385,refresh_review,visibility_opportunity
3712,content_0e2a59cb793e,0.385,refresh_review,stale_high_volume
3713,content_ba60a05324e3,0.385,refresh_review,stale_high_volume
3714,content_542e00af2a40,0.385,refresh_review,visibility_opportunity
3715,content_b4755fa1bacc,0.385,refresh_review,stale_high_volume
3716,content_4e8fa9dda799,0.385,refresh_review,stale_high_volume
3717,content_d0228804fe10,0.385,refresh_review,visibility_opportunity
3718,content_60d81e7dd1eb,0.385,refresh_review,stale_high_volume
3719,content_aa522a6beecb,0.385,refresh_review,stale_high_volume
3720,content_b347aa43c377,0.385,refresh_review,stale_high_volume
3721,content_36ae8f8944d6,0.385,refresh_review,visibility_opportunity
3722,content_8fb3cacf624f,0.385,refresh_review,stale_high_volume
3723,content_28591c5b87c7,0.385,refresh_review,stale_high_volume
3724,content_5b10564b32ea,0.385,refresh_review,stale_high_volume
3725,content_2702f1dcbd95,0.385,refresh_review,stale_high_volume
3726,content_172a70b37b72,0.385,refresh_review,stale_high_volume
3727,content_ec6b283c553e,0.385,refresh_review,visibility_opportunity
3728,content_6ff53d928618,0.385,refresh_review,stale_high_volume
3729,content_390fb5432bef,0.385,refresh_review,stale_high_volume
3730,content_e50271b2ab15,0.385,refresh_review,stale_high_volume
3731,content_fd80a1010807,0.385,refresh_review,stale_high_volume
3732,content_5d4048cb5ff4,0.385,refresh_review,stale_high_volume
3733,content_b9628815a443,0.385,refresh_review,stale_high_volume
3734,content_bb1685e447da,0.385,refresh_review,stale_high_volume
3735,content_50aa667977a7,0.385,refresh_review,stale_high_volume
3736,content_1f76ff378fde,0.385,refresh_review,stale_high_volume
3737,content_75d0436e9f47,0.385,refresh_review,stale_high_volume
3738,content_488f346b4086,0.385,refresh_review,visibility_opportunity
3739,content_a7720e2676d6,0.38,refresh_review,stale_high_volume
3740,content_2e6dcf759a44,0.38,refresh_review,visibility_opportunity
3741,content_880c2fc00805,0.38,refresh_review,stale_high_volume
3742,content_7a08dc784d80,0.38,refresh_review,stale_high_volume
3743,content_5c8556c69135,0.38,refresh_review,stale_high_volume
3744,content_76a23395000b,0.38,refresh_review,stale_high_volume
3745,content_9bb9a0584cae,0.38,refresh_review,visibility_opportunity
3746,content_c77076f8b045,0.38,refresh_review,visibility_opportunity
3747,content_234d710c86b9,0.38,refresh_review,stale_high_volume
3748,content_700061cecdf3,0.38,refresh_review,visibility_opportunity
3749,content_142a0115209d,0.38,refresh_review,stale_high_volume
3750,content_a610c1a64952,0.38,refresh_review,stale_high_volume
3751,content_c4fc2f43eaa0,0.38,refresh_review,stale_high_volume
3752,content_392e98bd3720,0.38,refresh_review,stale_high_volume
3753,content_19837b7f401b,0.38,refresh_review,stale_high_volume
3754,content_08dd19ebe332,0.38,refresh_review,stale_high_volume
3755,content_32097c1cfc4e,0.38,refresh_review,visibility_opportunity
3756,content_cc1426618cb6,0.38,refresh_review,stale_high_volume
3757,content_88ca90719c48,0.38,refresh_review,stale_high_volume
3758,content_be9ecc1ddd07,0.38,refresh_review,stale_high_volume
3759,content_b275238955fe,0.38,refresh_review,visibility_opportunity
3760,content_a33b9df1b504,0.38,refresh_review,stale_high_volume
3761,content_b910884d5a19,0.38,refresh_review,visibility_opportunity
3762,content_712f068958da,0.38,refresh_review,visibility_opportunity
3763,content_622373b3957b,0.38,refresh_review,stale_high_volume
3764,content_59d53da68015,0.38,refresh_review,stale_high_volume
3765,content_392ed6711025,0.38,refresh_review,stale_high_volume
3766,content_79d69f0237c6,0.38,refresh_review,visibility_opportunity
3767,content_1a021e549b5d,0.38,refresh_review,stale_high_volume
3768,content_1583937d3411,0.38,refresh_review,visibility_opportunity
3769,content_d4c1e7b51c19,0.38,refresh_review,stale_high_volume
3770,content_1180705d05bb,0.38,refresh_review,stale_high_volume
3771,content_8f49713685cc,0.38,refresh_review,stale_high_volume
3772,content_99e81d2d0de1,0.38,refresh_review,stale_high_volume
3773,content_d72fc05ccca7,0.38,refresh_review,stale_high_volume
3774,content_7af88fc634bb,0.38,refresh_review,visibility_opportunity
3775,content_01c129ed7519,0.38,refresh_review,stale_high_volume
3776,content_363341185eb0,0.38,refresh_review,stale_high_volume
3777,content_739ec77b846a,0.375,refresh_review,stale_high_volume
3778,content_77d69642e2cb,0.375,refresh_review,visibility_opportunity
3779,content_bad228094da2,0.375,refresh_review,stale_high_volume
3780,content_6aab4f66d067,0.375,refresh_review,stale_high_volume
3781,content_793c1449c556,0.375,refresh_review,stale_high_volume
3782,content_71c43128de8e,0.375,refresh_review,stale_high_volume
3783,content_3be7fafe70b1,0.375,refresh_review,visibility_opportunity
3784,content_8304db4c5ccf,0.375,refresh_review,stale_high_volume
3785,content_318aee3fed8c,0.375,refresh_review,stale_high_volume
3786,content_925dd4890383,0.375,refresh_review,visibility_opportunity
3787,content_a1a42ba58fbf,0.375,refresh_review,visibility_opportunity
3788,content_e2e98af4c1f4,0.375,refresh_review,visibility_opportunity
3789,content_529f37482797,0.375,refresh_review,stale_high_volume
3790,content_5010c493958a,0.375,refresh_review,stale_high_volume
3791,content_43756d6227dd,0.375,refresh_review,visibility_opportunity
3792,content_5fd6ce0b4236,0.375,refresh_review,stale_high_volume
3793,content_6b87c3d0fc08,0.375,refresh_review,visibility_opportunity
3794,content_e26d24aad104,0.375,refresh_review,visibility_opportunity
3795,content_080edd3dfdf9,0.375,refresh_review,stale_high_volume
3796,content_2a0a5f36a397,0.375,refresh_review,stale_high_volume
3797,content_8535cfede35b,0.375,refresh_review,stale_high_volume
3798,content_221bbee82734,0.375,refresh_review,stale_high_volume
3799,content_063b45493d44,0.375,refresh_review,visibility_opportunity
3800,content_54944705fb0f,0.375,refresh_review,stale_high_volume
3801,content_1277794b437d,0.375,refresh_review,stale_high_volume
3802,content_480c6aa4bf00,0.375,refresh_review,visibility_opportunity
3803,content_3ffc8a7a40ee,0.375,refresh_review,visibility_opportunity
3804,content_bf658584d14d,0.375,refresh_review,visibility_opportunity
3805,content_c7481f76dd1e,0.375,refresh_review,visibility_opportunity
3806,content_5ea475cd4c3b,0.375,refresh_review,visibility_opportunity
3807,content_bdf67436ad54,0.375,refresh_review,stale_high_volume
3808,content_204ed30f3639,0.375,refresh_review,stale_high_volume
3809,content_2d177700b7ae,0.375,refresh_review,stale_high_volume
3810,content_da01e568d56b,0.375,refresh_review,stale_high_volume
3811,content_d03e59748526,0.37,refresh_review,stale_high_volume
3812,content_cc6c749bcdf2,0.37,refresh_review,stale_high_volume
3813,content_4c3468a3efad,0.37,refresh_review,stale_high_volume
3814,content_c18521c05222,0.37,refresh_review,stale_high_volume
3815,content_b9104a222d01,0.37,refresh_review,visibility_opportunity
3816,content_ccc3299baa8a,0.37,refresh_review,stale_high_volume
3817,content_1e53b2d2300a,0.37,refresh_review,visibility_opportunity
3818,content_4baabeaad579,0.37,refresh_review,stale_high_volume
3819,content_1687b2824fab,0.37,refresh_review,visibility_opportunity
3820,content_f927deecb98b,0.37,refresh_review,visibility_opportunity
3821,content_fc0d096e1ae0,0.37,refresh_review,stale_high_volume
3822,content_83e97bdb0ea2,0.37,refresh_review,stale_high_volume
3823,content_1d653ea7148d,0.37,refresh_review,stale_high_volume
3824,content_b440df3ca57a,0.37,refresh_review,stale_high_volume
3825,content_6bb324a4b763,0.37,refresh_review,visibility_opportunity
3826,content_67e4b2c00ef9,0.37,refresh_review,stale_high_volume
3827,content_74b78c2e3b4b,0.37,refresh_review,visibility_opportunity
3828,content_e0720ca9366c,0.37,refresh_review,visibility_opportunity
3829,content_580d98a707e0,0.37,refresh_review,stale_high_volume
3830,content_1d2db6db4635,0.37,refresh_review,stale_high_volume
3831,content_9f0c88110232,0.37,refresh_review,visibility_opportunity
3832,content_09b0c786fb69,0.37,refresh_review,visibility_opportunity
3833,content_abe942de6952,0.37,refresh_review,visibility_opportunity
3834,content_291e5716005f,0.37,refresh_review,stale_high_volume
3835,content_9ff0419d067b,0.37,refresh_review,stale_high_volume
3836,content_b33cdb38231c,0.37,refresh_review,visibility_opportunity
3837,content_2dc9930b0a26,0.37,refresh_review,stale_high_volume
3838,content_6ae6efde2b86,0.37,refresh_review,stale_high_volume
3839,content_55099cf94bce,0.37,refresh_review,visibility_opportunity
3840,content_0cf10a71b943,0.37,refresh_review,stale_high_volume
3841,content_a687cbf3417f,0.37,refresh_review,stale_high_volume
3842,content_871212880c20,0.37,refresh_review,visibility_opportunity
3843,content_7a09da8ecc46,0.37,refresh_review,stale_high_volume
3844,content_6e04efee3c6e,0.37,refresh_review,stale_high_volume
3845,content_ffe8ee872237,0.37,refresh_review,stale_high_volume
3846,content_d0b3aef66944,0.37,refresh_review,visibility_opportunity
3847,content_68d92897313d,0.37,refresh_review,stale_high_volume
3848,content_7385cae61109,0.37,refresh_review,stale_high_volume
3849,content_da1c25c60d66,0.37,refresh_review,visibility_opportunity
3850,content_6ce5384eec9b,0.365,refresh_review,stale_high_volume
3851,content_63a7db0259ce,0.365,refresh_review,stale_high_volume
3852,content_17582f51a0f6,0.365,refresh_review,stale_high_volume
3853,content_809b50c43cad,0.365,refresh_review,stale_high_volume
3854,content_ead17e13e806,0.365,refresh_review,stale_high_volume
3855,content_d55f9f377e5f,0.365,refresh_review,stale_high_volume
3856,content_1c38841cd5a6,0.365,refresh_review,visibility_opportunity
3857,content_449f11ffe520,0.365,refresh_review,visibility_opportunity
3858,content_6cb53d8fe521,0.365,refresh_review,stale_high_volume
3859,content_cd444afadcc6,0.365,refresh_review,stale_high_volume
3860,content_c62c6e689038,0.365,refresh_review,stale_high_volume
3861,content_707c7cffdb9e,0.365,refresh_review,visibility_opportunity
3862,content_b045313ddc67,0.365,refresh_review,visibility_opportunity
3863,content_1505ce3bb377,0.365,refresh_review,visibility_opportunity
3864,content_0b10e0fdb03b,0.365,refresh_review,stale_high_volume
3865,content_28ce9207afa4,0.365,refresh_review,stale_high_volume
3866,content_8fbd1be8db88,0.365,refresh_review,stale_high_volume
3867,content_74aa486106a1,0.365,refresh_review,stale_high_volume
3868,content_a011cbc303be,0.365,refresh_review,visibility_opportunity
3869,content_53b1751856e3,0.365,refresh_review,stale_high_volume
3870,content_bede649d3b3e,0.365,refresh_review,stale_high_volume
3871,content_1d00ce3850e6,0.365,refresh_review,stale_high_volume
3872,content_33c35acea80b,0.365,refresh_review,stale_high_volume
3873,content_c60d521c8227,0.365,refresh_review,stale_high_volume
3874,content_f5bea636bfbb,0.365,refresh_review,visibility_opportunity
3875,content_a9c89dc4dd1e,0.365,refresh_review,stale_high_volume
3876,content_0d5a75339f4b,0.365,refresh_review,stale_high_volume
3877,content_3e7893eabb81,0.365,refresh_review,stale_high_volume
3878,content_e51c7ac8f2a8,0.365,refresh_review,stale_high_volume
3879,content_0a631257482b,0.365,refresh_review,visibility_opportunity
3880,content_16757dfdbd5d,0.365,refresh_review,visibility_opportunity
3881,content_f1c00fa6fa67,0.365,refresh_review,visibility_opportunity
3882,content_6363a3126c33,0.365,refresh_review,visibility_opportunity
3883,content_451632c0629a,0.365,refresh_review,visibility_opportunity
3884,content_5f2bd2ed76fd,0.365,refresh_review,stale_high_volume
3885,content_6352ef618f56,0.365,refresh_review,stale_high_volume
3886,content_2c0bf11b4999,0.365,refresh_review,visibility_opportunity
3887,content_931a4ddcbb47,0.365,refresh_review,stale_high_volume
3888,content_0ee95e1b4aa2,0.36,refresh_review,stale_high_volume
3889,content_fe2a5f204cbd,0.36,refresh_review,stale_high_volume
3890,content_0513586edfbc,0.36,refresh_review,stale_high_volume
3891,content_3f38d9d022e2,0.36,refresh_review,visibility_opportunity
3892,content_562545a23ace,0.36,refresh_review,stale_high_volume
3893,content_9f2b69296b69,0.36,refresh_review,stale_high_volume
3894,content_2c8956be0d58,0.36,refresh_review,stale_high_volume
3895,content_62541a94734a,0.36,refresh_review,visibility_opportunity
3896,content_8379c02e9fad,0.36,refresh_review,stale_high_volume
3897,content_ca70c2173fbc,0.36,refresh_review,visibility_opportunity
3898,content_5dbb5efbc4cd,0.36,refresh_review,stale_high_volume
3899,content_58785735f95f,0.36,refresh_review,stale_high_volume
3900,content_8ddf24ab1d3a,0.36,refresh_review,stale_high_volume
3901,content_51e019b46a0f,0.36,refresh_review,stale_high_volume
3902,content_1f998be42e43,0.36,refresh_review,visibility_opportunity
3903,content_bd164997ed9b,0.36,refresh_review,visibility_opportunity
3904,content_63714b4cf87b,0.36,refresh_review,visibility_opportunity
3905,content_66945e57b109,0.36,refresh_review,stale_high_volume
3906,content_e8202f39fad7,0.36,refresh_review,stale_high_volume
3907,content_906507ad95ce,0.36,refresh_review,visibility_opportunity
3908,content_609c24246177,0.36,refresh_review,stale_high_volume
3909,content_7e0ec17bcdca,0.36,refresh_review,stale_high_volume
3910,content_402ad93001ce,0.36,refresh_review,stale_high_volume
3911,content_b99427238b18,0.36,refresh_review,stale_high_volume
3912,content_4e1fb41126d0,0.36,refresh_review,visibility_opportunity
3913,content_28d5efaea9bf,0.36,refresh_review,stale_high_volume
3914,content_4817ddb54d7a,0.36,refresh_review,stale_high_volume
3915,content_7a24738c1004,0.36,refresh_review,stale_high_volume
3916,content_160878f5f2a7,0.36,refresh_review,stale_high_volume
3917,content_51295f0b7748,0.36,refresh_review,stale_high_volume
3918,content_6a2383b4296f,0.36,refresh_review,stale_high_volume
3919,content_6917e99ae191,0.36,refresh_review,visibility_opportunity
3920,content_9d45a4710a9a,0.36,refresh_review,stale_high_volume
3921,content_354948ef61d1,0.36,refresh_review,stale_high_volume
3922,content_0d497212b54b,0.36,refresh_review,stale_high_volume
3923,content_71b38cb18504,0.36,refresh_review,stale_high_volume
3924,content_a29c5d0e1d13,0.36,refresh_review,visibility_opportunity
3925,content_31ecff0e6412,0.355,refresh_review,visibility_opportunity
3926,content_6cb62b0178a7,0.355,refresh_review,visibility_opportunity
3927,content_8698288db02c,0.355,refresh_review,visibility_opportunity
3928,content_ea651db31344,0.355,refresh_review,visibility_opportunity
3929,content_60b83f4c4dbd,0.355,refresh_review,stale_high_volume
3930,content_2d6c50388f53,0.355,refresh_review,stale_high_volume
3931,content_4b08ae561a4c,0.355,refresh_review,visibility_opportunity
3932,content_cd96f3360ce5,0.355,refresh_review,visibility_opportunity
3933,content_86398e14cd53,0.355,refresh_review,stale_high_volume
3934,content_3f703336ec8d,0.355,refresh_review,stale_high_volume
3935,content_d645cfe66a78,0.355,refresh_review,stale_high_volume
3936,content_5008a184a9ed,0.355,refresh_review,stale_high_volume
3937,content_d8de98b4e1b9,0.355,refresh_review,stale_high_volume
3938,content_28aba8137d93,0.355,refresh_review,stale_high_volume
3939,content_9483a12a1ecc,0.355,refresh_review,stale_high_volume
3940,content_9f127b1f663f,0.355,refresh_review,stale_high_volume
3941,content_3c2ef1901bee,0.355,refresh_review,stale_high_volume
3942,content_a0744f34c5d8,0.355,refresh_review,stale_high_volume
3943,content_8f496feec94e,0.355,refresh_review,stale_high_volume
3944,content_d6882ad218ce,0.355,refresh_review,stale_high_volume
3945,content_d191038eb3da,0.355,refresh_review,stale_high_volume
3946,content_7954b7f440ce,0.355,refresh_review,stale_high_volume
3947,content_082eb79ae608,0.355,refresh_review,visibility_opportunity
3948,content_e1268d428b7b,0.355,refresh_review,visibility_opportunity
3949,content_1a6a4e32a379,0.355,refresh_review,stale_high_volume
3950,content_26be1febe596,0.355,refresh_review,visibility_opportunity
3951,content_80b6497c3f9d,0.355,refresh_review,visibility_opportunity
3952,content_e9e556620469,0.355,refresh_review,stale_high_volume
3953,content_1b4f5103df87,0.355,refresh_review,visibility_opportunity
3954,content_f5475c3cab1c,0.355,refresh_review,stale_high_volume
3955,content_5bc63535003b,0.355,refresh_review,visibility_opportunity
3956,content_8f99ad7e027c,0.355,refresh_review,visibility_opportunity
3957,content_e8ee489ad4fd,0.355,refresh_review,stale_high_volume
3958,content_79fe2665cb9d,0.355,refresh_review,stale_high_volume
3959,content_449bd374c824,0.355,refresh_review,stale_high_volume
3960,content_fb1443847c2e,0.355,refresh_review,visibility_opportunity
3961,content_2c363f32b2ac,0.355,refresh_review,visibility_opportunity
3962,content_5a6586e57032,0.355,refresh_review,visibility_opportunity
3963,content_aff115c49a86,0.355,refresh_review,visibility_opportunity
3964,content_3437133c7ccf,0.355,refresh_review,stale_high_volume
3965,content_665727ccadb3,0.355,refresh_review,stale_high_volume
3966,content_1cf48271e12d,0.35,refresh_review,stale_high_volume
3967,content_a5d1c12af407,0.35,refresh_review,stale_high_volume
3968,content_10f40939e637,0.35,refresh_review,stale_high_volume
3969,content_c0056697354c,0.35,refresh_review,stale_high_volume
3970,content_f258849b08ca,0.35,refresh_review,stale_high_volume
3971,content_b767749a5f38,0.35,refresh_review,stale_high_volume
3972,content_005d94fedb88,0.35,refresh_review,visibility_opportunity
3973,content_4a05d299cf1b,0.35,refresh_review,stale_high_volume
3974,content_2b7bc8755e21,0.35,refresh_review,visibility_opportunity
3975,content_0816b4288e05,0.35,refresh_review,stale_high_volume
3976,content_284765acdafb,0.35,refresh_review,visibility_opportunity
3977,content_3e8ab67ce1b6,0.35,refresh_review,stale_high_volume
3978,content_afa45e360781,0.35,refresh_review,visibility_opportunity
3979,content_b2d55d6a2b8b,0.35,refresh_review,visibility_opportunity
3980,content_302f011d542c,0.35,refresh_review,stale_high_volume
3981,content_33e1340be022,0.35,refresh_review,visibility_opportunity
3982,content_8b4f0dbe11a9,0.35,refresh_review,stale_high_volume
3983,content_b45cc3f5b6b6,0.35,refresh_review,stale_high_volume
3984,content_02c4842fefe7,0.35,refresh_review,visibility_opportunity
3985,content_b9e11a38fd49,0.35,refresh_review,stale_high_volume
3986,content_77d84ff69f78,0.35,refresh_review,stale_high_volume
3987,content_9ac3d96b5b48,0.35,refresh_review,stale_high_volume
3988,content_7d03a05295b2,0.35,refresh_review,stale_high_volume
3989,content_c740eac349f3,0.35,refresh_review,stale_high_volume
3990,content_2841dad7e57a,0.35,refresh_review,stale_high_volume
3991,content_128e7339aeb8,0.35,refresh_review,stale_high_volume
3992,content_589eb131fcb7,0.35,refresh_review,visibility_opportunity
3993,content_3855328dee7a,0.35,refresh_review,stale_high_volume
3994,content_2a8994c77797,0.35,refresh_review,visibility_opportunity
3995,content_37db2a63c9c7,0.35,refresh_review,visibility_opportunity
3996,content_6dd6d7779405,0.35,refresh_review,stale_high_volume
3997,content_18ec38232eba,0.35,refresh_review,stale_high_volume
3998,content_a20c25627ed7,0.35,refresh_review,stale_high_volume
3999,content_2fcff7dd0889,0.345,refresh_review,stale_high_volume
4000,content_ca8eb8fdc6fa,0.345,refresh_review,visibility_opportunity
4001,content_196499f19764,0.345,refresh_review,stale_high_volume
4002,content_fb15ed71f582,0.345,refresh_review,stale_high_volume
4003,content_2b81f37b2b9b,0.345,refresh_review,visibility_opportunity
4004,content_2c259410ba09,0.345,refresh_review,visibility_opportunity
4005,content_74e5927a9ac1,0.345,refresh_review,stale_high_volume
4006,content_1bfca0e6bb66,0.345,refresh_review,stale_high_volume
4007,content_3267ef2a83a7,0.345,refresh_review,stale_high_volume
4008,content_50b70a86730c,0.345,refresh_review,visibility_opportunity
4009,content_6b81ab1805eb,0.345,refresh_review,visibility_opportunity
4010,content_6e348eb06763,0.345,refresh_review,stale_high_volume
4011,content_a580f210e5e6,0.345,refresh_review,stale_high_volume
4012,content_74f585f21ba3,0.345,refresh_review,stale_high_volume
4013,content_973ec83cacf8,0.345,refresh_review,stale_high_volume
4014,content_164f5bc59472,0.345,refresh_review,stale_high_volume
4015,content_99c842680c4e,0.345,refresh_review,stale_high_volume
4016,content_67e912e3e2b5,0.345,refresh_review,stale_high_volume
4017,content_faede57cfab7,0.345,refresh_review,stale_high_volume
4018,content_920a46c32b74,0.345,refresh_review,stale_high_volume
4019,content_20333b30ef06,0.345,refresh_review,stale_high_volume
4020,content_a2fcd01d1de8,0.345,refresh_review,visibility_opportunity
4021,content_824bd8704dd8,0.345,refresh_review,stale_high_volume
4022,content_7995b28bf42b,0.345,refresh_review,stale_high_volume
4023,content_8399b3c2cd89,0.345,refresh_review,stale_high_volume
4024,content_25935a61ed55,0.345,refresh_review,visibility_opportunity
4025,content_0663ba1a1822,0.345,refresh_review,stale_high_volume
4026,content_dbc0b153ac65,0.345,refresh_review,stale_high_volume
4027,content_93f5dbaef3e7,0.345,refresh_review,stale_high_volume
4028,content_24a63ec7c93b,0.345,refresh_review,stale_high_volume
4029,content_529faed5f67d,0.345,refresh_review,stale_high_volume
4030,content_0b689c5667de,0.345,refresh_review,stale_high_volume
4031,content_ad5f9478d603,0.345,refresh_review,stale_high_volume
4032,content_023735e65055,0.345,refresh_review,stale_high_volume
4033,content_3f5bc363a67d,0.345,refresh_review,stale_high_volume
4034,content_cda73d3ca1a7,0.345,refresh_review,visibility_opportunity
4035,content_054ea1b92a9a,0.345,refresh_review,stale_high_volume
4036,content_82818e437ac1,0.345,refresh_review,visibility_opportunity
4037,content_6d93bc61c73d,0.345,refresh_review,stale_high_volume
4038,content_58751944898a,0.34,refresh_review,stale_high_volume
4039,content_5ace8eec26ba,0.34,refresh_review,visibility_opportunity
4040,content_b4170c25efd2,0.34,refresh_review,stale_high_volume
4041,content_2ad1d9248424,0.34,refresh_review,stale_high_volume
4042,content_a9a4194566d0,0.34,refresh_review,visibility_opportunity
4043,content_f783272376bf,0.34,refresh_review,stale_high_volume
4044,content_6b296ae2c02f,0.34,refresh_review,stale_high_volume
4045,content_35b6af913d68,0.34,refresh_review,stale_high_volume
4046,content_656372ca5b8d,0.34,refresh_review,visibility_opportunity
4047,content_e7b4e9967ffa,0.34,refresh_review,stale_high_volume
4048,content_d15e6b71a021,0.34,refresh_review,visibility_opportunity
4049,content_777a4dd39fd3,0.34,refresh_review,visibility_opportunity
4050,content_a159d40b38cd,0.34,refresh_review,stale_high_volume
4051,content_576d85a2a756,0.34,refresh_review,visibility_opportunity
4052,content_e7d48456ff77,0.34,refresh_review,visibility_opportunity
4053,content_837b79ca14f9,0.34,refresh_review,stale_high_volume
4054,content_fd80316eb144,0.34,refresh_review,stale_high_volume
4055,content_336505277c39,0.34,refresh_review,visibility_opportunity
4056,content_261dc1c0fb9c,0.34,refresh_review,stale_high_volume
4057,content_2794fdb52470,0.34,refresh_review,visibility_opportunity
4058,content_95d3a6437b56,0.34,refresh_review,stale_high_volume
4059,content_5ef305add4a3,0.34,refresh_review,visibility_opportunity
4060,content_d2db220c5023,0.34,refresh_review,visibility_opportunity
4061,content_ea30d6a7603d,0.34,refresh_review,stale_high_volume
4062,content_45ae35901c09,0.34,refresh_review,visibility_opportunity
4063,content_0b5d174e7744,0.34,refresh_review,visibility_opportunity
4064,content_cb0b2b24814f,0.34,refresh_review,stale_high_volume
4065,content_be3e3375b277,0.34,refresh_review,visibility_opportunity
4066,content_4427dc2e32a1,0.34,refresh_review,stale_high_volume
4067,content_8202c37e994f,0.34,refresh_review,stale_high_volume
4068,content_d7ccad3f6bbc,0.34,refresh_review,stale_high_volume
4069,content_6fc3e66c8c58,0.34,refresh_review,visibility_opportunity
4070,content_4a8ed6268c17,0.34,refresh_review,stale_high_volume
4071,content_fadc1b872839,0.34,refresh_review,visibility_opportunity
4072,content_ef9bdd92b523,0.34,refresh_review,visibility_opportunity
4073,content_2eab8676deaf,0.34,refresh_review,stale_high_volume
4074,content_171c53b3914e,0.34,refresh_review,visibility_opportunity
4075,content_f452475bff46,0.335,refresh_review,visibility_opportunity
4076,content_b8c3aaba4f8e,0.335,refresh_review,stale_high_volume
4077,content_9fdeb7a636e7,0.335,refresh_review,stale_high_volume
4078,content_d0d54d0f71b3,0.335,refresh_review,stale_high_volume
4079,content_98ce9ef715b2,0.335,refresh_review,stale_high_volume
4080,content_5b2e9cafaa50,0.335,refresh_review,stale_high_volume
4081,content_dda106a2f4e9,0.335,refresh_review,stale_high_volume
4082,content_c745b79afd66,0.335,refresh_review,stale_high_volume
4083,content_761859531bb8,0.335,refresh_review,stale_high_volume
4084,content_1fd60831ce3e,0.335,refresh_review,stale_high_volume
4085,content_a169d1caf094,0.335,refresh_review,stale_high_volume
4086,content_eb1e4990a930,0.335,refresh_review,visibility_opportunity
4087,content_0fc4e547c299,0.335,refresh_review,visibility_opportunity
4088,content_afabddf1151c,0.335,refresh_review,stale_high_volume
4089,content_afc1690a3312,0.335,refresh_review,stale_high_volume
4090,content_46a4efea2592,0.335,refresh_review,stale_high_volume
4091,content_c2e897c70cef,0.335,refresh_review,stale_high_volume
4092,content_61b63fe68540,0.335,refresh_review,visibility_opportunity
4093,content_dd9ab01faf99,0.335,refresh_review,visibility_opportunity
4094,content_66d10fc43be7,0.335,refresh_review,stale_high_volume
4095,content_c4c8842a0986,0.335,refresh_review,visibility_opportunity
4096,content_d7238b16367e,0.335,refresh_review,stale_high_volume
4097,content_5b7267c26cc2,0.335,refresh_review,stale_high_volume
4098,content_1b5b75de0be4,0.335,refresh_review,visibility_opportunity
4099,content_f5884b3c1784,0.335,refresh_review,stale_high_volume
4100,content_f64da6f9371a,0.335,refresh_review,stale_high_volume
4101,content_536191893098,0.335,refresh_review,stale_high_volume
4102,content_79c84727d50d,0.335,refresh_review,stale_high_volume
4103,content_e02b544b7a9a,0.335,refresh_review,visibility_opportunity
4104,content_e03865e03821,0.335,refresh_review,stale_high_volume
4105,content_886b73d4b098,0.335,refresh_review,stale_high_volume
4106,content_ff3f7e86a221,0.335,refresh_review,visibility_opportunity
4107,content_011ba6714bb6,0.33,refresh_review,stale_high_volume
4108,content_baffc5401eda,0.33,refresh_review,stale_high_volume
4109,content_5ad0e75a5119,0.33,refresh_review,stale_high_volume
4110,content_be7835abed78,0.33,refresh_review,stale_high_volume
4111,content_1f3f98790021,0.33,refresh_review,stale_high_volume
4112,content_3474a43ad37f,0.33,refresh_review,stale_high_volume
4113,content_132a80648ff5,0.33,refresh_review,visibility_opportunity
4114,content_c05562111bb2,0.33,refresh_review,stale_high_volume
4115,content_c9a70fe6cdbd,0.33,refresh_review,stale_high_volume
4116,content_9a5a48758da3,0.33,refresh_review,stale_high_volume
4117,content_23bcee6836bd,0.33,refresh_review,visibility_opportunity
4118,content_36684976be1f,0.33,refresh_review,stale_high_volume
4119,content_5c7a9bd6cbfe,0.33,refresh_review,visibility_opportunity
4120,content_59c260251c82,0.33,refresh_review,stale_high_volume
4121,content_ab05043f1175,0.33,refresh_review,stale_high_volume
4122,content_d21cea57447c,0.33,refresh_review,stale_high_volume
4123,content_8725d0090607,0.33,refresh_review,stale_high_volume
4124,content_c98f8ced72ac,0.33,refresh_review,stale_high_volume
4125,content_5b7fb45e8435,0.33,refresh_review,stale_high_volume
4126,content_c2e63e30e925,0.33,refresh_review,visibility_opportunity
4127,content_4ae939e7402c,0.33,refresh_review,stale_high_volume
4128,content_9acd1f0a15e7,0.33,refresh_review,visibility_opportunity
4129,content_06f6ab41bb5b,0.33,refresh_review,visibility_opportunity
4130,content_59320b07d510,0.33,refresh_review,stale_high_volume
4131,content_548036123034,0.33,refresh_review,visibility_opportunity
4132,content_8fff64fc5401,0.33,refresh_review,visibility_opportunity
4133,content_3464adc98816,0.33,refresh_review,visibility_opportunity
4134,content_d47a51e291f1,0.33,refresh_review,visibility_opportunity
4135,content_17ca7a51731c,0.33,refresh_review,stale_high_volume
4136,content_647f7e8b6a61,0.33,refresh_review,visibility_opportunity
4137,content_36ded68e6bf1,0.33,refresh_review,stale_high_volume
4138,content_00629d85f855,0.33,refresh_review,stale_high_volume
4139,content_4c1afd5ebb50,0.33,refresh_review,visibility_opportunity
4140,content_94aa12419622,0.33,refresh_review,visibility_opportunity
4141,content_d1c0e3569a3e,0.33,refresh_review,stale_high_volume
4142,content_fe49ee6b87c4,0.33,refresh_review,visibility_opportunity
4143,content_f8f308d0b776,0.33,refresh_review,stale_high_volume
4144,content_eb394c77c762,0.325,refresh_review,visibility_opportunity
4145,content_a818957b3a1f,0.325,refresh_review,stale_high_volume
4146,content_55d970081c8a,0.325,refresh_review,visibility_opportunity
4147,content_d5a4ba539dbc,0.325,refresh_review,stale_high_volume
4148,content_e06891410fdf,0.325,refresh_review,stale_high_volume
4149,content_118b0ee61e54,0.325,refresh_review,visibility_opportunity
4150,content_ea6e74b671e3,0.325,refresh_review,stale_high_volume
4151,content_bc009cb0995a,0.325,refresh_review,stale_high_volume
4152,content_46f437984262,0.325,refresh_review,stale_high_volume
4153,content_10a4180682c1,0.325,refresh_review,stale_high_volume
4154,content_db9707562907,0.325,refresh_review,visibility_opportunity
4155,content_ce388e027e1f,0.325,refresh_review,visibility_opportunity
4156,content_75bbe9161b5d,0.325,refresh_review,visibility_opportunity
4157,content_6ef3dcb7be11,0.325,refresh_review,stale_high_volume
4158,content_fd945d13065f,0.325,refresh_review,stale_high_volume
4159,content_0e57843e6749,0.325,refresh_review,stale_high_volume
4160,content_1593a32a7527,0.325,refresh_review,stale_high_volume
4161,content_1e3803e3f3e1,0.325,refresh_review,stale_high_volume
4162,content_976d5deeab73,0.325,refresh_review,stale_high_volume
4163,content_d94334a6b69f,0.325,refresh_review,visibility_opportunity
4164,content_6a8c4838e1ae,0.32,refresh_review,visibility_opportunity
4165,content_63f1438cb612,0.32,refresh_review,visibility_opportunity
4166,content_06e5928c931b,0.32,refresh_review,visibility_opportunity
4167,content_ab58ad627e6b,0.32,refresh_review,stale_high_volume
4168,content_de365ef3ab06,0.32,refresh_review,stale_high_volume
4169,content_991da9a1aaab,0.32,refresh_review,stale_high_volume
4170,content_ee2303f5bdba,0.32,refresh_review,stale_high_volume
4171,content_f8b502de2f79,0.32,refresh_review,stale_high_volume
4172,content_35f8d6d44e84,0.32,refresh_review,visibility_opportunity
4173,content_7446b0b2cec2,0.32,refresh_review,stale_high_volume
4174,content_b35a7acdc3a8,0.32,refresh_review,visibility_opportunity
4175,content_58f93a020d56,0.32,refresh_review,stale_high_volume
4176,content_b9f24b9a4aba,0.32,refresh_review,stale_high_volume
4177,content_fa539334ab0e,0.32,refresh_review,visibility_opportunity
4178,content_1ba3c39b667c,0.32,refresh_review,stale_high_volume
4179,content_c282b558a116,0.32,refresh_review,visibility_opportunity
4180,content_49f71b7a8f19,0.32,refresh_review,visibility_opportunity
4181,content_b45d669ab808,0.32,refresh_review,visibility_opportunity
4182,content_cf1cca76949b,0.32,refresh_review,stale_high_volume
4183,content_5e67bb4ef214,0.32,refresh_review,visibility_opportunity
4184,content_06071662e631,0.32,refresh_review,stale_high_volume
4185,content_545b4017d302,0.32,refresh_review,stale_high_volume
4186,content_1583bfd6f804,0.32,refresh_review,stale_high_volume
4187,content_6ecc6812ff7b,0.32,refresh_review,stale_high_volume
4188,content_06f4bf7a9357,0.32,refresh_review,visibility_opportunity
4189,content_b2df860b928d,0.32,refresh_review,visibility_opportunity
4190,content_f7f7b664724b,0.32,refresh_review,stale_high_volume
4191,content_4695a276b1ea,0.32,refresh_review,visibility_opportunity
4192,content_cb0705899450,0.32,refresh_review,stale_high_volume
4193,content_3b11268af36e,0.32,refresh_review,stale_high_volume
4194,content_0a76d4204a84,0.32,refresh_review,visibility_opportunity
4195,content_9eeb75a6bf3b,0.32,refresh_review,visibility_opportunity
4196,content_e55da9707bf5,0.32,refresh_review,stale_high_volume
4197,content_45292078d88d,0.32,refresh_review,visibility_opportunity
4198,content_79fdc2a90e0a,0.32,refresh_review,stale_high_volume
4199,content_9c1862fddbbb,0.32,refresh_review,visibility_opportunity
4200,content_714d862c87a1,0.32,refresh_review,visibility_opportunity
4201,content_a5ae4042f200,0.32,refresh_review,visibility_opportunity
4202,content_311a6d5b0704,0.32,refresh_review,stale_high_volume
4203,content_6a0e55841e2e,0.32,refresh_review,stale_high_volume
4204,content_64745a4ecadb,0.32,refresh_review,stale_high_volume
4205,content_2d33a679ef65,0.32,refresh_review,visibility_opportunity
4206,content_a62b745f8be3,0.32,refresh_review,visibility_opportunity
4207,content_3e048af23576,0.32,refresh_review,visibility_opportunity
4208,content_8c5dcc367672,0.315,refresh_review,stale_high_volume
4209,content_56bd4a2427ac,0.315,refresh_review,stale_high_volume
4210,content_788fed4cefcf,0.315,refresh_review,stale_high_volume
4211,content_ba5aae545945,0.315,refresh_review,stale_high_volume
4212,content_1576614a97a2,0.315,refresh_review,visibility_opportunity
4213,content_2da680724b8a,0.315,refresh_review,stale_high_volume
4214,content_09f36a8feb8c,0.315,refresh_review,stale_high_volume
4215,content_21dc27c85117,0.315,refresh_review,stale_high_volume
4216,content_a428af48d0c7,0.315,refresh_review,stale_high_volume
4217,content_0c329c3f2934,0.315,refresh_review,visibility_opportunity
4218,content_7207683d060b,0.315,refresh_review,stale_high_volume
4219,content_cead18006a4d,0.315,refresh_review,stale_high_volume
4220,content_2dd441ededdf,0.315,refresh_review,visibility_opportunity
4221,content_eaf009f218cd,0.315,refresh_review,stale_high_volume
4222,content_064539f383aa,0.315,refresh_review,stale_high_volume
4223,content_39687f105016,0.315,refresh_review,stale_high_volume
4224,content_b1bf3aa2c743,0.315,refresh_review,visibility_opportunity
4225,content_fa014137b3ea,0.315,refresh_review,stale_high_volume
4226,content_7b3e020817ae,0.315,refresh_review,stale_high_volume
4227,content_4595e8704e07,0.315,refresh_review,stale_high_volume
4228,content_7ea36c800544,0.315,refresh_review,stale_high_volume
4229,content_39eaae5bce4a,0.315,refresh_review,stale_high_volume
4230,content_72dbc1d0c990,0.315,refresh_review,stale_high_volume
4231,content_a058e966b9a6,0.31,refresh_review,visibility_opportunity
4232,content_74ed7b370eb8,0.31,refresh_review,visibility_opportunity
4233,content_439ca5f518b3,0.31,refresh_review,stale_high_volume
4234,content_73a547435602,0.31,refresh_review,stale_high_volume
4235,content_1f550a070f07,0.31,refresh_review,visibility_opportunity
4236,content_f0571d121bc4,0.31,refresh_review,stale_high_volume
4237,content_3ec53b0f33fc,0.31,refresh_review,visibility_opportunity
4238,content_a498b30af4f7,0.31,refresh_review,stale_high_volume
4239,content_dbaef7ab8871,0.31,refresh_review,stale_high_volume
4240,content_0457c48d8fc3,0.31,refresh_review,stale_high_volume
4241,content_f1743a78cb16,0.31,refresh_review,stale_high_volume
4242,content_cde2e7e0392f,0.31,refresh_review,stale_high_volume
4243,content_5f3fbd7e5521,0.31,refresh_review,visibility_opportunity
4244,content_43900ff52cf5,0.31,refresh_review,stale_high_volume
4245,content_538fbe0b5c19,0.31,refresh_review,stale_high_volume
4246,content_2b5359e179b0,0.31,refresh_review,stale_high_volume
4247,content_597457ba3cd5,0.31,refresh_review,visibility_opportunity
4248,content_7e08ff98fa58,0.31,refresh_review,stale_high_volume
4249,content_e2e22643adae,0.31,refresh_review,stale_high_volume
4250,content_e85fdb527b85,0.31,refresh_review,stale_high_volume
4251,content_e6441a0aadd5,0.31,refresh_review,visibility_opportunity
4252,content_95d1f3ddae61,0.31,refresh_review,stale_high_volume
4253,content_044135b038e6,0.31,refresh_review,stale_high_volume
4254,content_8f9d4e7f20ec,0.31,refresh_review,stale_high_volume
4255,content_815d19a0553b,0.31,refresh_review,stale_high_volume
4256,content_8b29757eee97,0.31,refresh_review,stale_high_volume
4257,content_9c141384124b,0.31,refresh_review,stale_high_volume
4258,content_d41fcbf17a8a,0.31,refresh_review,stale_high_volume
4259,content_f1c5bafd094e,0.31,refresh_review,visibility_opportunity
4260,content_e75a4c8dcaf1,0.31,refresh_review,visibility_opportunity
4261,content_8e2937f1645f,0.31,refresh_review,stale_high_volume
4262,content_ae19d5d1b63a,0.31,refresh_review,stale_high_volume
4263,content_3e6203ac624d,0.31,refresh_review,stale_high_volume
4264,content_1b5a245cf579,0.31,refresh_review,stale_high_volume
4265,content_918ef45edb9f,0.305,refresh_review,stale_high_volume
4266,content_ee36185a4611,0.305,refresh_review,visibility_opportunity
4267,content_05b68f8f80d4,0.305,refresh_review,stale_high_volume
4268,content_4ff3d119662e,0.305,refresh_review,visibility_opportunity
4269,content_16cea6dfd98d,0.305,refresh_review,stale_high_volume
4270,content_4457e91aa4ef,0.305,refresh_review,visibility_opportunity
4271,content_63be0ba923f0,0.305,refresh_review,visibility_opportunity
4272,content_349da7283258,0.305,refresh_review,visibility_opportunity
4273,content_4688b93476a1,0.305,refresh_review,visibility_opportunity
4274,content_91f2041326a0,0.305,refresh_review,stale_high_volume
4275,content_af6010d1a527,0.305,refresh_review,visibility_opportunity
4276,content_0d685d0e6c2a,0.305,refresh_review,stale_high_volume
4277,content_8118ace068f8,0.305,refresh_review,stale_high_volume
4278,content_4f9eb48d371e,0.305,refresh_review,stale_high_volume
4279,content_4db4da60384e,0.305,refresh_review,stale_high_volume
4280,content_8f5c5451afb1,0.305,refresh_review,stale_high_volume
4281,content_db6479551754,0.305,refresh_review,stale_high_volume
4282,content_ada4f0b8bc65,0.305,refresh_review,stale_high_volume
4283,content_689902381684,0.305,refresh_review,stale_high_volume
4284,content_01375f53651c,0.305,refresh_review,stale_high_volume
4285,content_f239c6b2fceb,0.305,refresh_review,visibility_opportunity
4286,content_349dcc3424de,0.305,refresh_review,visibility_opportunity
4287,content_8475b08af71b,0.305,refresh_review,visibility_opportunity
4288,content_4a01d23dba2d,0.305,refresh_review,stale_high_volume
4289,content_fa37cba3a692,0.305,refresh_review,stale_high_volume
4290,content_251d298116e3,0.305,refresh_review,stale_high_volume
4291,content_3b96c7da8a60,0.305,refresh_review,stale_high_volume
4292,content_b4aae044ca25,0.305,refresh_review,stale_high_volume
4293,content_933b7d8e3c4f,0.305,refresh_review,stale_high_volume
4294,content_f777bcb4fdad,0.305,refresh_review,stale_high_volume
4295,content_9efd1fabf7d5,0.3,refresh_review,stale_high_volume
4296,content_5cbcdc58b3d4,0.3,refresh_review,stale_high_volume
4297,content_7ecc6be0a603,0.3,refresh_review,stale_high_volume
4298,content_658a39f88a25,0.3,refresh_review,stale_high_volume
4299,content_2bb574a58d02,0.3,refresh_review,visibility_opportunity
4300,content_6f28f499edff,0.3,refresh_review,stale_high_volume
4301,content_33712bc4cc5b,0.3,refresh_review,visibility_opportunity
4302,content_ec9134ab6c04,0.3,refresh_review,visibility_opportunity
4303,content_f8f3899a82eb,0.3,refresh_review,stale_high_volume
4304,content_864a936a3532,0.3,refresh_review,stale_high_volume
4305,content_28742531f88c,0.3,refresh_review,stale_high_volume
4306,content_12f4c646de31,0.3,refresh_review,stale_high_volume
4307,content_933e662b8973,0.3,refresh_review,stale_high_volume
4308,content_4c787e21d590,0.3,refresh_review,stale_high_volume
4309,content_5524fe000ffd,0.3,refresh_review,stale_high_volume
4310,content_730d9c90c323,0.3,refresh_review,visibility_opportunity
4311,content_1cc4c660d80f,0.3,refresh_review,stale_high_volume
4312,content_5a639aa6d642,0.3,refresh_review,visibility_opportunity
4313,content_0adbfc6a2e45,0.3,refresh_review,visibility_opportunity
4314,content_1592de3c5e62,0.3,refresh_review,visibility_opportunity
4315,content_956a0bca24e5,0.3,refresh_review,stale_high_volume
4316,content_2cde073b39dd,0.3,refresh_review,stale_high_volume
4317,content_905daf4b6ccc,0.3,refresh_review,stale_high_volume
4318,content_acec32b9a99f,0.3,refresh_review,stale_high_volume
4319,content_62ef88b54ca8,0.3,refresh_review,stale_high_volume
4320,content_2293091e01f7,0.3,refresh_review,stale_high_volume
4321,content_59012b44adb8,0.3,refresh_review,stale_high_volume
4322,content_cd0666cdd7ce,0.3,refresh_review,stale_high_volume
4323,content_7765c3246206,0.3,refresh_review,visibility_opportunity
4324,content_95284f69cbc4,0.3,refresh_review,visibility_opportunity
4325,content_15727c386643,0.3,refresh_review,stale_high_volume
4326,content_003380cff485,0.3,refresh_review,visibility_opportunity
4327,content_abfd15f46882,0.3,refresh_review,stale_high_volume
4328,content_5f72fd7c6698,0.3,refresh_review,stale_high_volume
4329,content_a5d788111216,0.295,refresh_review,stale_high_volume
4330,content_883e8d89903a,0.295,refresh_review,stale_high_volume
4331,content_b04d16f984c7,0.295,refresh_review,stale_high_volume
4332,content_01618358b525,0.295,refresh_review,stale_high_volume
4333,content_20b6e6820215,0.295,refresh_review,stale_high_volume
4334,content_372f87435947,0.295,refresh_review,visibility_opportunity
4335,content_961dd6582177,0.295,refresh_review,visibility_opportunity
4336,content_06248e69dbfe,0.295,refresh_review,stale_high_volume
4337,content_534ea4f34824,0.295,refresh_review,visibility_opportunity
4338,content_5b2da7d78158,0.295,refresh_review,visibility_opportunity
4339,content_c789a815d8bb,0.295,refresh_review,stale_high_volume
4340,content_f2eeaeefe9f1,0.295,refresh_review,visibility_opportunity
4341,content_784818021864,0.295,refresh_review,stale_high_volume
4342,content_6678c613e3c7,0.295,refresh_review,visibility_opportunity
4343,content_dc4aa707636e,0.295,refresh_review,stale_high_volume
4344,content_3ed73641fbe8,0.295,refresh_review,stale_high_volume
4345,content_6df19f8eb4d4,0.295,refresh_review,stale_high_volume
4346,content_2f3532702ecc,0.295,refresh_review,stale_high_volume
4347,content_ed3d1e0c4c93,0.295,refresh_review,stale_high_volume
4348,content_6f9b4c2b2615,0.295,refresh_review,stale_high_volume
4349,content_8cdee3250626,0.295,refresh_review,visibility_opportunity
4350,content_7ce6f63886c8,0.295,refresh_review,stale_high_volume
4351,content_1904715400d4,0.295,refresh_review,stale_high_volume
4352,content_78afcf3ee0f4,0.295,refresh_review,stale_high_volume
4353,content_618d0682a463,0.295,refresh_review,visibility_opportunity
4354,content_a7a69ddb717a,0.295,refresh_review,visibility_opportunity
4355,content_01184ecfcb70,0.29,refresh_review,visibility_opportunity
4356,content_a176eeb31e60,0.29,refresh_review,stale_high_volume
4357,content_fecb8624f9d6,0.29,refresh_review,visibility_opportunity
4358,content_eda17fda8f0c,0.29,refresh_review,visibility_opportunity
4359,content_0c1ddb69fb2e,0.29,refresh_review,stale_high_volume
4360,content_e59846c037ae,0.29,refresh_review,stale_high_volume
4361,content_37af3f678ecf,0.29,refresh_review,stale_high_volume
4362,content_c618a74471ef,0.29,refresh_review,stale_high_volume
4363,content_f4c657bc1ba2,0.29,refresh_review,visibility_opportunity
4364,content_5e27752e101e,0.29,refresh_review,stale_high_volume
4365,content_82dab8cbf876,0.29,refresh_review,stale_high_volume
4366,content_76c0dda8c65f,0.29,refresh_review,visibility_opportunity
4367,content_0c366323d241,0.29,refresh_review,stale_high_volume
4368,content_70425373a183,0.29,refresh_review,stale_high_volume
4369,content_7e9d8f999b81,0.29,refresh_review,stale_high_volume
4370,content_33f39767de6c,0.29,refresh_review,visibility_opportunity
4371,content_240b4740fa30,0.29,refresh_review,visibility_opportunity
4372,content_783e06a43f8c,0.29,refresh_review,visibility_opportunity
4373,content_755581bf4f86,0.29,refresh_review,stale_high_volume
4374,content_805c94a358c1,0.29,refresh_review,stale_high_volume
4375,content_236fdad5bfb8,0.29,refresh_review,visibility_opportunity
4376,content_387c447c4e95,0.29,refresh_review,stale_high_volume
4377,content_b6e0c24b198f,0.29,refresh_review,stale_high_volume
4378,content_6c720cb9fbe0,0.29,refresh_review,stale_high_volume
4379,content_1cb84e871aed,0.29,refresh_review,visibility_opportunity
4380,content_271e832920f9,0.29,refresh_review,visibility_opportunity
4381,content_1d83fef6f951,0.29,refresh_review,stale_high_volume
4382,content_3879128f65a6,0.29,refresh_review,visibility_opportunity
4383,content_7bad04a02737,0.29,refresh_review,visibility_opportunity
4384,content_f3a2520e3120,0.29,refresh_review,stale_high_volume
4385,content_e1d5ae8705bf,0.29,refresh_review,stale_high_volume
4386,content_c544de1b14e2,0.29,refresh_review,stale_high_volume
4387,content_a597ab82b14c,0.29,refresh_review,stale_high_volume
4388,content_33adbae8f837,0.29,refresh_review,stale_high_volume
4389,content_32f7e76c0924,0.29,refresh_review,visibility_opportunity
4390,content_820ae6792425,0.285,refresh_review,visibility_opportunity
4391,content_6d9eed144ee7,0.285,refresh_review,stale_high_volume
4392,content_0bedb1ad4aca,0.285,refresh_review,stale_high_volume
4393,content_704dfa134e67,0.285,refresh_review,visibility_opportunity
4394,content_1f0c90cf2d41,0.285,refresh_review,stale_high_volume
4395,content_a2e49b430ebe,0.285,refresh_review,visibility_opportunity
4396,content_6c3ce93e9680,0.285,refresh_review,stale_high_volume
4397,content_de917854fd2a,0.285,refresh_review,visibility_opportunity
4398,content_f9f6d07ef81e,0.285,refresh_review,stale_high_volume
4399,content_01ec3d27560e,0.285,refresh_review,stale_high_volume
4400,content_cc6d62e31116,0.285,refresh_review,stale_high_volume
4401,content_d089619f78d7,0.285,refresh_review,visibility_opportunity
4402,content_453f3a68e535,0.285,refresh_review,stale_high_volume
4403,content_bf30ed96384d,0.285,refresh_review,stale_high_volume
4404,content_1884353791a8,0.285,refresh_review,visibility_opportunity
4405,content_67a8646a7b6e,0.285,refresh_review,stale_high_volume
4406,content_d0ab3354a660,0.285,refresh_review,stale_high_volume
4407,content_17c2de35424d,0.285,refresh_review,stale_high_volume
4408,content_5eda48e9e42e,0.285,refresh_review,stale_high_volume
4409,content_1877fbda982a,0.285,refresh_review,stale_high_volume
4410,content_2764754edaec,0.285,refresh_review,stale_high_volume
4411,content_56f4652c9b6e,0.28,refresh_review,stale_high_volume
4412,content_231c10e69d17,0.28,refresh_review,stale_high_volume
4413,content_914a6de7d899,0.28,refresh_review,stale_high_volume
4414,content_bbe814c133ff,0.28,refresh_review,stale_high_volume
4415,content_b553e6af4fb1,0.28,refresh_review,stale_high_volume
4416,content_b85bf0f7330b,0.28,refresh_review,stale_high_volume
4417,content_7df9caffac62,0.28,refresh_review,stale_high_volume
4418,content_1f7b8d8897db,0.28,refresh_review,stale_high_volume
4419,content_19b8db713236,0.28,refresh_review,stale_high_volume
4420,content_c9765c8fedea,0.28,refresh_review,visibility_opportunity
4421,content_aa8208824668,0.28,refresh_review,stale_high_volume
4422,content_c1c661124902,0.28,refresh_review,visibility_opportunity
4423,content_5af81363d22c,0.28,refresh_review,stale_high_volume
4424,content_4d4c6c972349,0.28,refresh_review,visibility_opportunity
4425,content_aa79ef2a0513,0.28,refresh_review,visibility_opportunity
4426,content_c2f9a9a48cc4,0.28,refresh_review,stale_high_volume
4427,content_3504a42dccf2,0.28,refresh_review,stale_high_volume
4428,content_8c9b4df92b7b,0.28,refresh_review,visibility_opportunity
4429,content_32b39bf12b85,0.28,refresh_review,stale_high_volume
4430,content_4fe3714b9736,0.28,refresh_review,stale_high_volume
4431,content_b2c531fd32f1,0.28,refresh_review,visibility_opportunity
4432,content_b918aa98486b,0.28,refresh_review,stale_high_volume
4433,content_a2730bca63ef,0.28,refresh_review,stale_high_volume
4434,content_753b597f5220,0.28,refresh_review,stale_high_volume
4435,content_ea397586b6f4,0.28,refresh_review,stale_high_volume
4436,content_c44f9a60ad62,0.28,refresh_review,stale_high_volume
4437,content_0cf9e335a07c,0.28,refresh_review,stale_high_volume
4438,content_7a8513b2abec,0.28,refresh_review,stale_high_volume
4439,content_e7ad40523cbc,0.28,refresh_review,stale_high_volume
4440,content_3b55249bbf1a,0.28,refresh_review,stale_high_volume
4441,content_8ee3d6eae306,0.28,refresh_review,stale_high_volume
4442,content_f86e97facebe,0.28,refresh_review,visibility_opportunity
4443,content_4d872d8aa28a,0.28,refresh_review,stale_high_volume
4444,content_aef354fe0cbd,0.28,refresh_review,visibility_opportunity
4445,content_ba144a526cbb,0.275,refresh_review,stale_high_volume
4446,content_64a482194d7a,0.275,refresh_review,stale_high_volume
4447,content_2c52330077a0,0.275,refresh_review,stale_high_volume
4448,content_cc4b9034027c,0.275,refresh_review,stale_high_volume
4449,content_872861322be4,0.275,refresh_review,stale_high_volume
4450,content_e29a758c8e12,0.275,refresh_review,stale_high_volume
4451,content_c0540b49b0b3,0.275,refresh_review,visibility_opportunity
4452,content_9cb43a654c9b,0.275,refresh_review,stale_high_volume
4453,content_ef5839d610a3,0.275,refresh_review,stale_high_volume
4454,content_ea3aaf091973,0.275,refresh_review,stale_high_volume
4455,content_b6bb672d24a4,0.275,refresh_review,stale_high_volume
4456,content_86d082c14077,0.275,refresh_review,stale_high_volume
4457,content_556f0ae1769f,0.275,refresh_review,stale_high_volume
4458,content_92698ba603df,0.275,refresh_review,visibility_opportunity
4459,content_03ed3468f07e,0.275,refresh_review,visibility_opportunity
4460,content_83c7b7f65e6b,0.275,refresh_review,stale_high_volume
4461,content_f33bb11b4c2d,0.275,refresh_review,visibility_opportunity
4462,content_7fc1fda3786d,0.275,refresh_review,visibility_opportunity
4463,content_fc8c21563057,0.275,refresh_review,stale_high_volume
4464,content_e69538673155,0.275,refresh_review,stale_high_volume
4465,content_b770da13569d,0.27,refresh_review,stale_high_volume
4466,content_a00c249b224d,0.27,refresh_review,stale_high_volume
4467,content_02023546b403,0.27,refresh_review,stale_high_volume
4468,content_203ee255b107,0.27,refresh_review,stale_high_volume
4469,content_1cea97c28cd6,0.27,refresh_review,stale_high_volume
4470,content_61cec6179092,0.27,refresh_review,stale_high_volume
4471,content_98873bc7ee8f,0.27,refresh_review,visibility_opportunity
4472,content_5e1febd65aa2,0.27,refresh_review,stale_high_volume
4473,content_7c92e86bf407,0.27,refresh_review,stale_high_volume
4474,content_9edb9735cf02,0.27,refresh_review,visibility_opportunity
4475,content_463e1453a322,0.27,refresh_review,visibility_opportunity
4476,content_4cb8ceca114e,0.27,refresh_review,stale_high_volume
4477,content_9a5ca91893e0,0.27,refresh_review,stale_high_volume
4478,content_71b7b4dcc0ec,0.27,refresh_review,visibility_opportunity
4479,content_d943715dfa7c,0.27,refresh_review,visibility_opportunity
4480,content_a6d7eae49665,0.27,refresh_review,visibility_opportunity
4481,content_7f5daea21e4d,0.27,refresh_review,visibility_opportunity
4482,content_145e3598d8fe,0.27,refresh_review,stale_high_volume
4483,content_15cb6f57162b,0.27,refresh_review,stale_high_volume
4484,content_885ea290764c,0.27,refresh_review,visibility_opportunity
4485,content_735fb136742e,0.27,refresh_review,stale_high_volume
4486,content_06b9fe7fa146,0.27,refresh_review,stale_high_volume
4487,content_532c17970442,0.27,refresh_review,visibility_opportunity
4488,content_a1583c483d51,0.27,refresh_review,stale_high_volume
4489,content_135baf84d5ce,0.27,refresh_review,visibility_opportunity
4490,content_7d6b3ac3ad96,0.27,refresh_review,visibility_opportunity
4491,content_85b8d9480084,0.27,refresh_review,visibility_opportunity
4492,content_77e2a54525b6,0.27,refresh_review,stale_high_volume
4493,content_0e5cf35a8fa6,0.27,refresh_review,stale_high_volume
4494,content_78c8822eccc9,0.27,refresh_review,stale_high_volume
4495,content_ffc464755d07,0.27,refresh_review,stale_high_volume
4496,content_266991be9399,0.27,refresh_review,visibility_opportunity
4497,content_b8d3e0ffaf08,0.27,refresh_review,stale_high_volume
4498,content_3315313d6930,0.27,refresh_review,visibility_opportunity
4499,content_804f6fedf09c,0.27,refresh_review,stale_high_volume
4500,content_f670e8a58608,0.27,refresh_review,stale_high_volume
4501,content_8680b7cb8313,0.27,refresh_review,visibility_opportunity
4502,content_9e390d63ef52,0.27,refresh_review,stale_high_volume
4503,content_804d56040bd3,0.265,refresh_review,stale_high_volume
4504,content_159ce14c65dc,0.265,refresh_review,visibility_opportunity
4505,content_ddbc717e06d3,0.265,refresh_review,stale_high_volume
4506,content_eb183a3fdf61,0.265,refresh_review,visibility_opportunity
4507,content_d68e83f92ed9,0.265,refresh_review,stale_high_volume
4508,content_5031bfdb78e6,0.265,refresh_review,stale_high_volume
4509,content_3d8e2761455e,0.265,refresh_review,visibility_opportunity
4510,content_fdbcf987fae1,0.265,refresh_review,stale_high_volume
4511,content_bb53ef182899,0.265,refresh_review,stale_high_volume
4512,content_fd65ddd3504b,0.265,refresh_review,stale_high_volume
4513,content_abe60b93d50e,0.265,refresh_review,stale_high_volume
4514,content_f663c691f998,0.265,refresh_review,visibility_opportunity
4515,content_1a400a80dc02,0.265,refresh_review,visibility_opportunity
4516,content_ad0d7f127516,0.265,refresh_review,stale_high_volume
4517,content_245230354a4e,0.265,refresh_review,stale_high_volume
4518,content_a7a057f8baea,0.265,refresh_review,stale_high_volume
4519,content_156ec98bccba,0.265,refresh_review,visibility_opportunity
4520,content_e41c5adad0e5,0.265,refresh_review,visibility_opportunity
4521,content_0409acd934fb,0.265,refresh_review,stale_high_volume
4522,content_358b2b10f5b6,0.265,refresh_review,stale_high_volume
4523,content_aa2a81289728,0.265,refresh_review,visibility_opportunity
4524,content_36d36a435fd1,0.265,refresh_review,visibility_opportunity
4525,content_141dc5ae59a8,0.265,refresh_review,stale_high_volume
4526,content_a07e64a2cea4,0.265,refresh_review,stale_high_volume
4527,content_0354fa127deb,0.265,refresh_review,stale_high_volume
4528,content_734260a21750,0.265,refresh_review,visibility_opportunity
4529,content_3b98fbb45b26,0.265,refresh_review,stale_high_volume
4530,content_af082b61dd15,0.26,refresh_review,stale_high_volume
4531,content_c83476e39f7d,0.26,refresh_review,stale_high_volume
4532,content_0718b5188109,0.26,refresh_review,stale_high_volume
4533,content_fd85da9a38d6,0.26,refresh_review,visibility_opportunity
4534,content_6f35a935faca,0.26,refresh_review,stale_high_volume
4535,content_599f9c953f91,0.26,refresh_review,stale_high_volume
4536,content_873843eb5aa4,0.26,refresh_review,visibility_opportunity
4537,content_4a8b3ceff582,0.26,refresh_review,stale_high_volume
4538,content_a01cdf6f5e79,0.26,refresh_review,visibility_opportunity
4539,content_4657bf5fc7bf,0.26,refresh_review,stale_high_volume
4540,content_f1923a73b444,0.26,refresh_review,stale_high_volume
4541,content_01f41d718fd7,0.26,refresh_review,stale_high_volume
4542,content_f24e819d0999,0.26,refresh_review,stale_high_volume
4543,content_eb85eb8d89be,0.26,refresh_review,visibility_opportunity
4544,content_bb12fc5a6af7,0.26,refresh_review,stale_high_volume
4545,content_4d0c876fd1af,0.26,refresh_review,stale_high_volume
4546,content_84b564f96061,0.26,refresh_review,stale_high_volume
4547,content_ab6ef50b3616,0.26,refresh_review,visibility_opportunity
4548,content_e20229ca23ea,0.26,refresh_review,stale_high_volume
4549,content_6320064497fd,0.26,refresh_review,stale_high_volume
4550,content_7fb8a56336e1,0.26,refresh_review,stale_high_volume
4551,content_f34a56ef21b0,0.26,refresh_review,stale_high_volume
4552,content_8b52bc828676,0.26,refresh_review,stale_high_volume
4553,content_56632b41c725,0.255,refresh_review,stale_high_volume
4554,content_a82df1afd767,0.255,refresh_review,stale_high_volume
4555,content_1089c7c8b99b,0.255,refresh_review,stale_high_volume
4556,content_204d81c4117d,0.255,refresh_review,stale_high_volume
4557,content_8b165f742450,0.255,refresh_review,stale_high_volume
4558,content_b31d578ae5c8,0.255,refresh_review,visibility_opportunity
4559,content_0978243e4aa3,0.255,refresh_review,stale_high_volume
4560,content_a2713a5c710c,0.255,refresh_review,stale_high_volume
4561,content_e12a9b378a1f,0.255,refresh_review,visibility_opportunity
4562,content_122b8ff9d581,0.255,refresh_review,visibility_opportunity
4563,content_dde90787c795,0.255,refresh_review,stale_high_volume
4564,content_364d37dd7fb0,0.255,refresh_review,visibility_opportunity
4565,content_a9826bd63b56,0.255,refresh_review,stale_high_volume
4566,content_f7a8c37e7eaa,0.255,refresh_review,visibility_opportunity
4567,content_c170ab55d53b,0.255,refresh_review,stale_high_volume
4568,content_0c38972c44d6,0.255,refresh_review,stale_high_volume
4569,content_4a24ce40377e,0.255,refresh_review,visibility_opportunity
4570,content_a1fb4e703a9e,0.255,refresh_review,stale_high_volume
4571,content_d0b3e7ec062a,0.255,refresh_review,visibility_opportunity
4572,content_a6b316cab1a8,0.255,refresh_review,stale_high_volume
4573,content_f1c903c71329,0.255,refresh_review,stale_high_volume
4574,content_3db3c9053d5c,0.255,refresh_review,visibility_opportunity
4575,content_896b4b3c39f7,0.255,refresh_review,stale_high_volume
4576,content_d7bf08e6602a,0.255,refresh_review,stale_high_volume
4577,content_928c8c749d39,0.25,refresh_review,visibility_opportunity
4578,content_0a95ca5e3efa,0.25,refresh_review,stale_high_volume
4579,content_797bb027e4a4,0.25,refresh_review,stale_high_volume
4580,content_98e305f0cacc,0.25,refresh_review,stale_high_volume
4581,content_5714f0813b1a,0.25,refresh_review,stale_high_volume
4582,content_30c6570a99d5,0.25,refresh_review,stale_high_volume
4583,content_fc041e073905,0.25,refresh_review,visibility_opportunity
4584,content_9d70410bbefe,0.25,refresh_review,stale_high_volume
4585,content_95e06f0741c4,0.25,refresh_review,stale_high_volume
4586,content_cec7e5c712ef,0.25,refresh_review,stale_high_volume
4587,content_434a511ae53e,0.25,refresh_review,visibility_opportunity
4588,content_500d7264d930,0.25,refresh_review,stale_high_volume
4589,content_a44f5dd132bb,0.25,refresh_review,stale_high_volume
4590,content_14b00ef222c4,0.25,refresh_review,stale_high_volume
4591,content_5078bca8d0b0,0.25,refresh_review,stale_high_volume
4592,content_1485c93358b3,0.25,refresh_review,visibility_opportunity
4593,content_5c97197b4049,0.25,refresh_review,stale_high_volume
4594,content_b8b445ba5ddc,0.25,refresh_review,stale_high_volume
4595,content_c68487838986,0.25,refresh_review,stale_high_volume
4596,content_739b312ae914,0.25,refresh_review,stale_high_volume
4597,content_e1d07bb09232,0.245,refresh_review,stale_high_volume
4598,content_cc46276454a0,0.245,refresh_review,stale_high_volume
4599,content_8ee575f72d40,0.245,refresh_review,visibility_opportunity
4600,content_c567607d2989,0.245,refresh_review,stale_high_volume
4601,content_e8baefc221d3,0.245,refresh_review,stale_high_volume
4602,content_dba91922f9ea,0.245,refresh_review,stale_high_volume
4603,content_99fb3a5b96a6,0.245,refresh_review,stale_high_volume
4604,content_9f6285e9de96,0.245,refresh_review,visibility_opportunity
4605,content_52a5b8e806e0,0.245,refresh_review,stale_high_volume
4606,content_2bcaea970c89,0.245,refresh_review,visibility_opportunity
4607,content_dea7e60a1339,0.245,refresh_review,stale_high_volume
4608,content_84b504f830bf,0.245,refresh_review,stale_high_volume
4609,content_9de9afdada19,0.245,refresh_review,stale_high_volume
4610,content_f2b426905e8c,0.245,refresh_review,stale_high_volume
4611,content_b73ce28e6e57,0.245,refresh_review,visibility_opportunity
4612,content_d146f0489a92,0.245,refresh_review,stale_high_volume
4613,content_ed356a0df49b,0.245,refresh_review,visibility_opportunity
4614,content_fb87e6cf60af,0.245,refresh_review,stale_high_volume
4615,content_4f9d6ea47a62,0.245,refresh_review,visibility_opportunity
4616,content_8faa834d6d1f,0.245,refresh_review,stale_high_volume
4617,content_2fac394011e7,0.245,refresh_review,stale_high_volume
4618,content_af276dd998e0,0.245,refresh_review,stale_high_volume
4619,content_4409c919f040,0.245,refresh_review,stale_high_volume
4620,content_1062e150309f,0.24,refresh_review,visibility_opportunity
4621,content_62d1c8c930d1,0.24,refresh_review,stale_high_volume
4622,content_eb7015b56be9,0.24,refresh_review,stale_high_volume
4623,content_5901aee4bc88,0.24,refresh_review,stale_high_volume
4624,content_cadb2b699020,0.24,refresh_review,visibility_opportunity
4625,content_d0ea28283d46,0.24,refresh_review,stale_high_volume
4626,content_29a00d38e9d4,0.24,refresh_review,visibility_opportunity
4627,content_7c9b3e0182d1,0.24,refresh_review,stale_high_volume
4628,content_2514cbcf6384,0.24,refresh_review,stale_high_volume
4629,content_d9177ef7753c,0.24,refresh_review,stale_high_volume
4630,content_b564e590d42f,0.24,refresh_review,visibility_opportunity
4631,content_0db1804a6bea,0.24,refresh_review,stale_high_volume
4632,content_b171875a25de,0.24,refresh_review,stale_high_volume
4633,content_76e47929bc42,0.24,refresh_review,visibility_opportunity
4634,content_c0821a6e99cf,0.24,refresh_review,visibility_opportunity
4635,content_02c0b7bcc4d2,0.24,refresh_review,stale_high_volume
4636,content_b65c621c6c0b,0.24,refresh_review,stale_high_volume
4637,content_f7261959d3e4,0.24,refresh_review,stale_high_volume
4638,content_dee71b933e85,0.24,refresh_review,stale_high_volume
4639,content_2fa382a80d7c,0.24,refresh_review,stale_high_volume
4640,content_16bd8ad6a2a1,0.24,refresh_review,stale_high_volume
4641,content_4db66d3d418c,0.24,refresh_review,stale_high_volume
4642,content_ecb80fffef19,0.24,refresh_review,stale_high_volume
4643,content_7a6171f6389c,0.24,refresh_review,stale_high_volume
4644,content_d4038d81b261,0.24,refresh_review,stale_high_volume
4645,content_eb44131698e0,0.24,refresh_review,stale_high_volume
4646,content_b2b48d24f7d0,0.235,refresh_review,stale_high_volume
4647,content_9a7bf93d67da,0.235,refresh_review,stale_high_volume
4648,content_35548a435e63,0.235,refresh_review,stale_high_volume
4649,content_d9adbf211a24,0.235,refresh_review,stale_high_volume
4650,content_55f5054a6267,0.235,refresh_review,stale_high_volume
4651,content_010b9063e59e,0.235,refresh_review,stale_high_volume
4652,content_474bc8a4a3cb,0.235,refresh_review,visibility_opportunity
4653,content_64fbb70a9c18,0.235,refresh_review,stale_high_volume
4654,content_776e52192745,0.235,refresh_review,visibility_opportunity
4655,content_30d9c0ee83d1,0.235,refresh_review,stale_high_volume
4656,content_12ef84e911f0,0.235,refresh_review,stale_high_volume
4657,content_f0d896cab1ac,0.235,refresh_review,stale_high_volume
4658,content_0f7afb8f94e5,0.235,refresh_review,stale_high_volume
4659,content_f35bdfbc3b7e,0.235,refresh_review,stale_high_volume
4660,content_d67d4369c4a3,0.235,refresh_review,visibility_opportunity
4661,content_201a4a56f4d6,0.23,refresh_review,visibility_opportunity
4662,content_337aed6750c0,0.23,refresh_review,stale_high_volume
4663,content_2847e276c475,0.23,refresh_review,stale_high_volume
4664,content_8551d2e9f9ca,0.23,refresh_review,stale_high_volume
4665,content_ff34f5b44cee,0.23,refresh_review,visibility_opportunity
4666,content_cff0e3db64d0,0.23,refresh_review,stale_high_volume
4667,content_125c53fdf1e7,0.23,refresh_review,stale_high_volume
4668,content_107d00223a30,0.23,refresh_review,visibility_opportunity
4669,content_b2b7178dc27b,0.23,refresh_review,stale_high_volume
4670,content_1cac2e47c58f,0.23,refresh_review,stale_high_volume
4671,content_c51634cac476,0.23,refresh_review,visibility_opportunity
4672,content_d943da81dc4e,0.23,refresh_review,stale_high_volume
4673,content_6953531682aa,0.23,refresh_review,stale_high_volume
4674,content_4f4532d3e566,0.23,refresh_review,stale_high_volume
4675,content_78c549f9e428,0.23,refresh_review,stale_high_volume
4676,content_47d62e68cd7a,0.23,refresh_review,stale_high_volume
4677,content_8e75e642c497,0.23,refresh_review,stale_high_volume
4678,content_ab5f4addedcf,0.23,refresh_review,stale_high_volume
4679,content_71019fde780d,0.23,refresh_review,stale_high_volume
4680,content_f615d968944f,0.23,refresh_review,stale_high_volume
4681,content_dc6c5df2f682,0.23,refresh_review,stale_high_volume
4682,content_600405887c39,0.225,refresh_review,stale_high_volume
4683,content_eafdd316043c,0.225,refresh_review,visibility_opportunity
4684,content_2783e25b0710,0.225,refresh_review,stale_high_volume
4685,content_a1877c99268d,0.225,refresh_review,visibility_opportunity
4686,content_c6d0a617833d,0.225,refresh_review,visibility_opportunity
4687,content_dcd38075ec2c,0.225,refresh_review,visibility_opportunity
4688,content_e70b7c3849dc,0.225,refresh_review,visibility_opportunity
4689,content_8693951b77ad,0.225,refresh_review,visibility_opportunity
4690,content_30577c46e262,0.225,refresh_review,stale_high_volume
4691,content_6cc7bf7f6721,0.225,refresh_review,visibility_opportunity
4692,content_db48904c158b,0.225,refresh_review,stale_high_volume
4693,content_7f003d24f1c8,0.225,refresh_review,stale_high_volume
4694,content_a31243c8e9b9,0.225,refresh_review,visibility_opportunity
4695,content_abcc98cc68f8,0.225,refresh_review,stale_high_volume
4696,content_5c5c9a925d23,0.225,refresh_review,visibility_opportunity
4697,content_b567edd38e17,0.225,refresh_review,stale_high_volume
4698,content_823ed1f9a2fe,0.225,refresh_review,stale_high_volume
4699,content_e72e6c56f0a3,0.22,refresh_review,stale_high_volume
4700,content_f0328d08cef9,0.22,refresh_review,visibility_opportunity
4701,content_e0022c57c47e,0.22,refresh_review,visibility_opportunity
4702,content_bce06780f4b7,0.22,refresh_review,stale_high_volume
4703,content_6e2088b6b6b6,0.22,refresh_review,visibility_opportunity
4704,content_4c3440c6f1b9,0.22,refresh_review,visibility_opportunity
4705,content_28319e608567,0.22,refresh_review,stale_high_volume
4706,content_a7452d4e5f24,0.22,refresh_review,stale_high_volume
4707,content_9fb007756e5a,0.22,refresh_review,stale_high_volume
4708,content_0b5ca97c254f,0.22,refresh_review,stale_high_volume
4709,content_ef1f45c34441,0.22,refresh_review,stale_high_volume
4710,content_5787a7c37cfb,0.22,refresh_review,stale_high_volume
4711,content_ec5ed4cd5e41,0.22,refresh_review,stale_high_volume
4712,content_7ffc04e52e2e,0.22,refresh_review,stale_high_volume
4713,content_fdf4d5b05e17,0.22,refresh_review,stale_high_volume
4714,content_4e20d8f86ef3,0.22,refresh_review,stale_high_volume
4715,content_8ae4ab086c08,0.22,refresh_review,stale_high_volume
4716,content_f9d4d7acb62e,0.22,refresh_review,stale_high_volume
4717,content_868447a1b9c7,0.22,refresh_review,stale_high_volume
4718,content_abba884411e3,0.22,refresh_review,stale_high_volume
4719,content_d206246bc207,0.22,refresh_review,visibility_opportunity
4720,content_b69b7a7bebd1,0.215,refresh_review,stale_high_volume
4721,content_4a2d50e15535,0.215,refresh_review,stale_high_volume
4722,content_0281fdd35705,0.215,refresh_review,visibility_opportunity
4723,content_4935defa3607,0.215,refresh_review,stale_high_volume
4724,content_487541f6730b,0.215,refresh_review,visibility_opportunity
4725,content_57d6a744b837,0.215,refresh_review,stale_high_volume
4726,content_32ec692a6061,0.215,refresh_review,stale_high_volume
4727,content_1b36cd795189,0.215,refresh_review,stale_high_volume
4728,content_ed519ddea999,0.215,refresh_review,visibility_opportunity
4729,content_d9878c9ba883,0.215,refresh_review,stale_high_volume
4730,content_6b0f184f1493,0.215,refresh_review,stale_high_volume
4731,content_8f9c1a24eab5,0.215,refresh_review,stale_high_volume
4732,content_43871a4ea259,0.215,refresh_review,stale_high_volume
4733,content_26127eb687b1,0.215,refresh_review,visibility_opportunity
4734,content_b98709292db4,0.215,refresh_review,visibility_opportunity
4735,content_3ed23197a086,0.215,refresh_review,stale_high_volume
4736,content_97ded6664747,0.215,refresh_review,visibility_opportunity
4737,content_004291184aa0,0.215,refresh_review,visibility_opportunity
4738,content_675f93f2a88f,0.215,refresh_review,visibility_opportunity
4739,content_025344275bba,0.215,refresh_review,stale_high_volume
4740,content_8a0e82cc099f,0.215,refresh_review,stale_high_volume
4741,content_db4f5dd49b48,0.21,refresh_review,stale_high_volume
4742,content_2a2b09c5a18c,0.21,refresh_review,stale_high_volume
4743,content_ed46f81f54d1,0.21,refresh_review,stale_high_volume
4744,content_d8a23b5e10c5,0.21,refresh_review,visibility_opportunity
4745,content_ff252e67e9f7,0.21,refresh_review,visibility_opportunity
4746,content_5af4c93ae18a,0.21,refresh_review,stale_high_volume
4747,content_5214de409e4f,0.21,refresh_review,stale_high_volume
4748,content_bd8a682b7e9d,0.21,refresh_review,stale_high_volume
4749,content_9c897334f26f,0.21,refresh_review,visibility_opportunity
4750,content_c92241a22237,0.21,refresh_review,stale_high_volume
4751,content_11997101ed2d,0.21,refresh_review,stale_high_volume
4752,content_06c9e43d1287,0.21,refresh_review,stale_high_volume
4753,content_fb301c227850,0.21,refresh_review,visibility_opportunity
4754,content_650ebaf394bb,0.21,refresh_review,visibility_opportunity
4755,content_aeb5d182368b,0.21,refresh_review,stale_high_volume
4756,content_fee4ab8f26b8,0.21,refresh_review,stale_high_volume
4757,content_6e49b6d291af,0.205,refresh_review,stale_high_volume
4758,content_52f1e9ee9923,0.205,refresh_review,stale_high_volume
4759,content_70252984654c,0.205,refresh_review,stale_high_volume
4760,content_58bf62e65034,0.205,refresh_review,stale_high_volume
4761,content_c7e4dcbaae4a,0.205,refresh_review,visibility_opportunity
4762,content_503abe4cad3a,0.205,refresh_review,visibility_opportunity
4763,content_65b1c7d69af0,0.205,refresh_review,stale_high_volume
4764,content_d96e16834162,0.205,refresh_review,stale_high_volume
4765,content_92c1ef947ff8,0.205,refresh_review,stale_high_volume
4766,content_46b360d48f83,0.205,refresh_review,stale_high_volume
4767,content_56077c187b5d,0.205,refresh_review,stale_high_volume
4768,content_5a788c0cf88a,0.205,refresh_review,stale_high_volume
4769,content_e4ac3c6df79b,0.205,refresh_review,stale_high_volume
4770,content_1346eb73396d,0.205,refresh_review,stale_high_volume
4771,content_1763888c1a5b,0.205,refresh_review,stale_high_volume
4772,content_957a5bd57448,0.205,refresh_review,stale_high_volume
4773,content_65ab749279c8,0.205,refresh_review,stale_high_volume
4774,content_adaec15ef2e5,0.205,refresh_review,stale_high_volume
4775,content_631387373820,0.205,refresh_review,stale_high_volume
4776,content_bd9c8fa38bc8,0.205,refresh_review,visibility_opportunity
4777,content_919c68ff757c,0.2,refresh_review,stale_high_volume
4778,content_03311a103622,0.2,refresh_review,stale_high_volume
4779,content_430f0e467f3a,0.2,refresh_review,stale_high_volume
4780,content_b8b3a9403cee,0.2,refresh_review,stale_high_volume
4781,content_dcd0ea5b0fea,0.2,refresh_review,stale_high_volume
4782,content_76f8fdce4d6e,0.2,refresh_review,visibility_opportunity
4783,content_405cbd1b3550,0.2,refresh_review,visibility_opportunity
4784,content_c4c6f568084e,0.2,refresh_review,visibility_opportunity
4785,content_b7b598d56a50,0.2,refresh_review,stale_high_volume
4786,content_56b0727d6509,0.2,refresh_review,stale_high_volume
4787,content_3a60fa065442,0.2,refresh_review,stale_high_volume
4788,content_2b815ea36b6f,0.195,refresh_review,stale_high_volume
4789,content_6de8c512827f,0.195,refresh_review,stale_high_volume
4790,content_ea1f99ab1032,0.195,refresh_review,stale_high_volume
4791,content_974949456f98,0.195,refresh_review,visibility_opportunity
4792,content_d4c2ea3c5f63,0.195,refresh_review,stale_high_volume
4793,content_bfeb4fe71a02,0.195,refresh_review,stale_high_volume
4794,content_caa6a0f78b21,0.195,refresh_review,stale_high_volume
4795,content_9f2ca3ad3165,0.195,refresh_review,stale_high_volume
4796,content_5e4e7b5040b9,0.195,refresh_review,stale_high_volume
4797,content_df91451c4b9d,0.195,refresh_review,visibility_opportunity
4798,content_0aef7080e0ce,0.195,refresh_review,stale_high_volume
4799,content_377ac4e989ab,0.195,refresh_review,stale_high_volume
4800,content_9d477524d051,0.195,refresh_review,visibility_opportunity
4801,content_7018b8ebc6ee,0.195,refresh_review,visibility_opportunity
4802,content_6507e3864625,0.195,refresh_review,visibility_opportunity
4803,content_f723386d3487,0.195,refresh_review,stale_high_volume
4804,content_f8a2a1141001,0.195,refresh_review,stale_high_volume
4805,content_9fecdbcad47a,0.195,refresh_review,visibility_opportunity
4806,content_895ea7bfb9e6,0.195,refresh_review,stale_high_volume
4807,content_9c77e9b370cd,0.195,refresh_review,stale_high_volume
4808,content_2f4d4614a577,0.195,refresh_review,visibility_opportunity
4809,content_a9ca10b9f6d8,0.19,refresh_review,stale_high_volume
4810,content_d4452104084d,0.19,refresh_review,visibility_opportunity
4811,content_05d71853e0f1,0.19,refresh_review,stale_high_volume
4812,content_6b3f938f081e,0.19,refresh_review,stale_high_volume
4813,content_4a6afe6d93cd,0.19,refresh_review,visibility_opportunity
4814,content_dd996502691d,0.19,refresh_review,stale_high_volume
4815,content_9d831af6618e,0.19,refresh_review,visibility_opportunity
4816,content_a9a04ef4d084,0.19,refresh_review,visibility_opportunity
4817,content_edbf8a7109de,0.19,refresh_review,stale_high_volume
4818,content_2560766fc02b,0.19,refresh_review,stale_high_volume
4819,content_fba37ae0d72e,0.19,refresh_review,stale_high_volume
4820,content_9bf785e9c6d8,0.19,refresh_review,stale_high_volume
4821,content_643711d5a1ef,0.185,refresh_review,visibility_opportunity
4822,content_cb889e05f912,0.185,refresh_review,stale_high_volume
4823,content_5f4c619283af,0.185,refresh_review,stale_high_volume
4824,content_006f466746a7,0.185,refresh_review,stale_high_volume
4825,content_59e1e5985094,0.185,refresh_review,stale_high_volume
4826,content_701340c88f73,0.185,refresh_review,stale_high_volume
4827,content_c7db49821748,0.185,refresh_review,visibility_opportunity
4828,content_47dd9599d562,0.185,refresh_review,stale_high_volume
4829,content_9399f5a1225e,0.185,refresh_review,visibility_opportunity
4830,content_cf9cdc6cbae6,0.185,refresh_review,visibility_opportunity
4831,content_7074b1199a78,0.185,refresh_review,visibility_opportunity
4832,content_b996521be9c9,0.185,refresh_review,stale_high_volume
4833,content_bb1ac706f47d,0.18,refresh_review,visibility_opportunity
4834,content_686fa08e4136,0.18,refresh_review,stale_high_volume
4835,content_45f595db0c86,0.18,refresh_review,visibility_opportunity
4836,content_5e798568d56b,0.18,refresh_review,stale_high_volume
4837,content_256a6c212300,0.18,refresh_review,stale_high_volume
4838,content_9bb78e058f1d,0.18,refresh_review,stale_high_volume
4839,content_955dfe160f51,0.18,refresh_review,stale_high_volume
4840,content_399de7f4a3a0,0.18,refresh_review,visibility_opportunity
4841,content_03625cd1150b,0.18,refresh_review,stale_high_volume
4842,content_3bf9bfbc3e88,0.18,refresh_review,stale_high_volume
4843,content_54d3d871d13e,0.18,refresh_review,stale_high_volume
4844,content_3bc098c10285,0.18,refresh_review,stale_high_volume
4845,content_dcb66bc3eea4,0.18,refresh_review,stale_high_volume
4846,content_52a55057b498,0.18,refresh_review,stale_high_volume
4847,content_c5e109e0af90,0.175,refresh_review,stale_high_volume
4848,content_7e13c4bf098b,0.175,refresh_review,visibility_opportunity
4849,content_15e922d2d8a0,0.175,refresh_review,stale_high_volume
4850,content_a0fff30c920a,0.175,refresh_review,stale_high_volume
4851,content_8fe5aff59d1f,0.175,refresh_review,stale_high_volume
4852,content_5ed756f018b6,0.175,refresh_review,visibility_opportunity
4853,content_45daf8d6a140,0.175,refresh_review,stale_high_volume
4854,content_6f56be29dcf1,0.175,refresh_review,stale_high_volume
4855,content_cb5032bdf834,0.175,refresh_review,stale_high_volume
4856,content_68d9ce913acb,0.175,refresh_review,visibility_opportunity
4857,content_bffb5fb92a47,0.17,refresh_review,stale_high_volume
4858,content_971787b181dd,0.17,refresh_review,stale_high_volume
4859,content_4c7d1fedd4e6,0.17,refresh_review,stale_high_volume
4860,content_5324c7411a7c,0.17,refresh_review,stale_high_volume
4861,content_ab2a4711117d,0.17,refresh_review,stale_high_volume
4862,content_2ca0ae59a3e0,0.17,refresh_review,stale_high_volume
4863,content_27e6ada72037,0.17,refresh_review,visibility_opportunity
4864,content_575a423f570e,0.17,refresh_review,stale_high_volume
4865,content_fe6d650abc0d,0.17,refresh_review,stale_high_volume
4866,content_aba566f57757,0.17,refresh_review,visibility_opportunity
4867,content_34ed0cec6ebf,0.17,refresh_review,stale_high_volume
4868,content_669f4f90d41c,0.17,refresh_review,visibility_opportunity
4869,content_93436a324e16,0.17,refresh_review,visibility_opportunity
4870,content_7764f406228e,0.17,refresh_review,visibility_opportunity
4871,content_2b8bf3b855a2,0.17,refresh_review,stale_high_volume
4872,content_97ecde118135,0.17,refresh_review,visibility_opportunity
4873,content_7fd3b038c9e6,0.17,refresh_review,visibility_opportunity
4874,content_a0ebfeb791bf,0.17,refresh_review,visibility_opportunity
4875,content_b25d6a51fdda,0.17,refresh_review,visibility_opportunity
4876,content_ed4f3ec14a68,0.165,refresh_review,visibility_opportunity
4877,content_8c482a64a3df,0.165,refresh_review,visibility_opportunity
4878,content_5bf77ae1f2bf,0.165,refresh_review,stale_high_volume
4879,content_9b7db63b1e95,0.165,refresh_review,stale_high_volume
4880,content_a72c3d511056,0.165,refresh_review,stale_high_volume
4881,content_e37ac6e0380a,0.165,refresh_review,visibility_opportunity
4882,content_b74b7e3fcb62,0.16,refresh_review,stale_high_volume
4883,content_77c30aa8260f,0.16,refresh_review,stale_high_volume
4884,content_f8c66e2fcefd,0.16,refresh_review,stale_high_volume
4885,content_82cb4dd2ca6e,0.16,refresh_review,stale_high_volume
4886,content_78434abcbc10,0.16,refresh_review,stale_high_volume
4887,content_39e99864636d,0.16,refresh_review,stale_high_volume
4888,content_d9b26e252f36,0.16,refresh_review,visibility_opportunity
4889,content_a94c52160bb9,0.16,refresh_review,visibility_opportunity
4890,content_ac49ab98337b,0.16,refresh_review,visibility_opportunity
4891,content_00530d75a8c7,0.16,refresh_review,visibility_opportunity
4892,content_778a2ce1d5b7,0.16,refresh_review,stale_high_volume
4893,content_b3259e046dfa,0.16,refresh_review,stale_high_volume
4894,content_9a333084ec7c,0.16,refresh_review,stale_high_volume
4895,content_406db3266689,0.155,refresh_review,stale_high_volume
4896,content_5393f44a4c0c,0.155,refresh_review,stale_high_volume
4897,content_116108f97539,0.155,refresh_review,visibility_opportunity
4898,content_661e0e54bdd8,0.155,refresh_review,visibility_opportunity
4899,content_55f8a29e2850,0.155,refresh_review,visibility_opportunity
4900,content_935cf71f6fe5,0.155,refresh_review,stale_high_volume
4901,content_b93156c46bd9,0.155,refresh_review,stale_high_volume
4902,content_83dba2842fe6,0.155,refresh_review,stale_high_volume
4903,content_d6731b72c26f,0.155,refresh_review,visibility_opportunity
4904,content_8f222654e93f,0.155,refresh_review,stale_high_volume
4905,content_b4acf154448d,0.155,refresh_review,stale_high_volume
4906,content_c68021bea098,0.155,refresh_review,stale_high_volume
4907,content_db6b1352e51c,0.155,refresh_review,stale_high_volume
4908,content_d337d54366ae,0.155,refresh_review,stale_high_volume
4909,content_459d056652a0,0.15,refresh_review,stale_high_volume
4910,content_464f17868335,0.15,refresh_review,stale_high_volume
4911,content_335a0d3403d5,0.15,refresh_review,stale_high_volume
4912,content_f68fc903dd4f,0.15,refresh_review,visibility_opportunity
4913,content_d50e451c8ce5,0.15,refresh_review,visibility_opportunity
4914,content_365cced53e3e,0.15,refresh_review,visibility_opportunity
4915,content_16f38acf0f26,0.15,refresh_review,stale_high_volume
4916,content_b26ac45aca5d,0.15,refresh_review,stale_high_volume
4917,content_cb850da6bf12,0.15,refresh_review,stale_high_volume
4918,content_3283dafb666d,0.15,refresh_review,stale_high_volume
4919,content_93d5f1ac34c8,0.15,refresh_review,visibility_opportunity
4920,content_29c550b073ec,0.15,refresh_review,stale_high_volume
4921,content_654bf4030796,0.15,refresh_review,visibility_opportunity
4922,content_fbc10a3efc41,0.15,refresh_review,visibility_opportunity
4923,content_5d003ca169d3,0.145,refresh_review,visibility_opportunity
4924,content_1687fc6734e2,0.145,refresh_review,stale_high_volume
4925,content_cbfbf617a0d1,0.145,refresh_review,stale_high_volume
4926,content_94cf0ae7ea8f,0.145,refresh_review,stale_high_volume
4927,content_6e73a9ee394d,0.145,refresh_review,stale_high_volume
4928,content_f1268e501bb8,0.145,refresh_review,stale_high_volume
4929,content_8fd689ed3c47,0.145,refresh_review,stale_high_volume
4930,content_0d59691515de,0.145,refresh_review,stale_high_volume
4931,content_ead020fd600b,0.14,refresh_review,visibility_opportunity
4932,content_43d80ec82589,0.14,refresh_review,visibility_opportunity
4933,content_88ae1c300a05,0.14,refresh_review,stale_high_volume
4934,content_fcfe44d0a076,0.14,refresh_review,stale_high_volume
4935,content_d663eacf9688,0.135,refresh_review,stale_high_volume
4936,content_264fd4d30b6f,0.135,refresh_review,stale_high_volume
4937,content_c6ee1892f44b,0.135,refresh_review,visibility_opportunity
4938,content_c31e589ace36,0.135,refresh_review,stale_high_volume
4939,content_048f3a500f56,0.135,refresh_review,stale_high_volume
4940,content_e172e24d3024,0.135,refresh_review,stale_high_volume
4941,content_2e145e80dd08,0.135,refresh_review,visibility_opportunity
4942,content_08500acfbe7c,0.135,refresh_review,stale_high_volume
4943,content_c9bf83ce9dd1,0.135,refresh_review,visibility_opportunity
4944,content_fde14d5b0b8f,0.13,refresh_review,stale_high_volume
4945,content_28479e269858,0.13,refresh_review,stale_high_volume
4946,content_467db1d7f145,0.13,refresh_review,stale_high_volume
4947,content_07915fe7c4d1,0.13,refresh_review,stale_high_volume
4948,content_71c7b5968117,0.13,refresh_review,stale_high_volume
4949,content_2b1f32ead063,0.13,refresh_review,stale_high_volume
4950,content_dd6ae2827de8,0.13,refresh_review,visibility_opportunity
4951,content_9c917d971ad8,0.13,refresh_review,visibility_opportunity
4952,content_4a825108b4a1,0.13,refresh_review,visibility_opportunity
4953,content_6bf79d7d0a4f,0.125,refresh_review,stale_high_volume
4954,content_ab56207ce530,0.125,refresh_review,visibility_opportunity
4955,content_315ef9b31f21,0.125,refresh_review,stale_high_volume
4956,content_1ff006fc1ff9,0.125,refresh_review,stale_high_volume
4957,content_fe95a108e96a,0.125,refresh_review,visibility_opportunity
4958,content_0b5580e79dfc,0.125,refresh_review,stale_high_volume
4959,content_9f81f02fcc7c,0.125,refresh_review,stale_high_volume
4960,content_925b5a08d70d,0.125,refresh_review,visibility_opportunity
4961,content_6db3a80d1145,0.12,refresh_review,stale_high_volume
4962,content_a6e263d9542e,0.12,refresh_review,visibility_opportunity
4963,content_f309ff5ddc25,0.12,refresh_review,stale_high_volume
4964,content_70c192d2e677,0.12,refresh_review,visibility_opportunity
4965,content_f9fe219721ca,0.12,refresh_review,visibility_opportunity
4966,content_a3244ad461ce,0.12,refresh_review,stale_high_volume
4967,content_d5a7049e8dcd,0.12,refresh_review,stale_high_volume
4968,content_2e9e0028cfa7,0.12,refresh_review,stale_high_volume
4969,content_5e4f1761806f,0.12,refresh_review,stale_high_volume
4970,content_688efed95e4e,0.12,refresh_review,visibility_opportunity
4971,content_e2881e0ebe63,0.12,refresh_review,visibility_opportunity
4972,content_4995288adcef,0.12,refresh_review,visibility_opportunity
4973,content_ca6dfbbaa5ec,0.115,refresh_review,stale_high_volume
4974,content_a96c35cc20d2,0.115,refresh_review,stale_high_volume
4975,content_d716815640bf,0.115,refresh_review,visibility_opportunity
4976,content_712fbbbb3481,0.115,refresh_review,visibility_opportunity
4977,content_b6163eb31d41,0.11,refresh_review,visibility_opportunity
4978,content_6a035954876f,0.11,refresh_review,visibility_opportunity
4979,content_0a1954a48717,0.11,refresh_review,stale_high_volume
4980,content_9da19b2cac84,0.11,refresh_review,stale_high_volume
4981,content_c69056de7202,0.11,refresh_review,stale_high_volume
4982,content_fecb3b1efda1,0.11,refresh_review,stale_high_volume
4983,content_a81639945303,0.11,refresh_review,stale_high_volume
4984,content_430834d9caa6,0.11,refresh_review,stale_high_volume
4985,content_495904cebcf6,0.11,refresh_review,stale_high_volume
4986,content_2a8b933ad17e,0.105,refresh_review,visibility_opportunity
4987,content_6222ffd73b2c,0.105,refresh_review,visibility_opportunity
4988,content_cc0f20917ee0,0.105,refresh_review,stale_high_volume
4989,content_d39a41ec2a0e,0.105,refresh_review,stale_high_volume
4990,content_eaea09d6891e,0.105,refresh_review,stale_high_volume
4991,content_54ddb72de5b2,0.105,refresh_review,visibility_opportunity
4992,content_6059a898de26,0.105,refresh_review,visibility_opportunity
4993,content_c24ba93e466a,0.1,refresh_review,visibility_opportunity
4994,content_c3cef2b615f9,0.1,refresh_review,stale_high_volume
4995,content_76f30eda1e45,0.1,refresh_review,stale_high_volume
4996,content_e68adee72e4d,0.1,refresh_review,stale_high_volume
4997,content_21c195acbc1c,0.1,refresh_review,visibility_opportunity
4998,content_e3a34c1706cf,0.1,refresh_review,visibility_opportunity
4999,content_a4c38287770e,0.1,refresh_review,stale_high_volume
5000,content_24ddfbbb780c,0.095,refresh_review,stale_high_volume
5001,content_fb7473d654b8,0.095,refresh_review,stale_high_volume
5002,content_bfe827636ec1,0.095,refresh_review,stale_high_volume
5003,content_d6024d73c1c0,0.095,refresh_review,stale_high_volume
5004,content_b3658670d2a5,0.09,refresh_review,stale_high_volume
5005,content_2e6955a6d440,0.09,refresh_review,visibility_opportunity
5006,content_f8c0a48792e2,0.09,refresh_review,stale_high_volume
5007,content_3da8c7b2f0cd,0.085,refresh_review,stale_high_volume
5008,content_eedb339e78fb,0.085,refresh_review,stale_high_volume
5009,content_ff89c97ac899,0.085,refresh_review,stale_high_volume
5010,content_e3c80264bcf6,0.085,refresh_review,stale_high_volume
5011,content_cfe0815a3229,0.085,refresh_review,stale_high_volume
5012,content_6b3520be1f95,0.085,refresh_review,visibility_opportunity
5013,content_aa27d7969080,0.08,refresh_review,visibility_opportunity
5014,content_04627e23b1fb,0.08,refresh_review,visibility_opportunity
5015,content_48aea5f70f31,0.08,refresh_review,visibility_opportunity
5016,content_ea8a83a2510c,0.08,refresh_review,visibility_opportunity
5017,content_655bba05d0ab,0.08,refresh_review,visibility_opportunity
5018,content_de8e9909d824,0.08,refresh_review,visibility_opportunity
5019,content_2f302204c451,0.08,refresh_review,stale_high_volume
5020,content_c979a888e4ab,0.08,refresh_review,stale_high_volume
5021,content_f85aa6e9bc6e,0.08,refresh_review,stale_high_volume
5022,content_9264de4c358f,0.075,refresh_review,visibility_opportunity
5023,content_d32b28c9bae4,0.075,refresh_review,visibility_opportunity
5024,content_a005947b4184,0.075,refresh_review,visibility_opportunity
5025,content_2d734af51f46,0.07,refresh_review,visibility_opportunity
5026,content_2a9b7d24959d,0.065,refresh_review,visibility_opportunity
5027,content_e40fb14ef126,0.06,refresh_review,stale_high_volume
5028,content_680d36e6f309,0.06,refresh_review,visibility_opportunity
5029,content_2d75bf10c4be,0.06,refresh_review,visibility_opportunity
5030,content_1e0b605fa2f5,0.055,refresh_review,stale_high_volume
5031,content_eed54a7e3211,0.055,refresh_review,visibility_opportunity
5032,content_93a0ca28cfe2,0.05,refresh_review,visibility_opportunity
5033,content_ffffc9a0c08c,0.05,refresh_review,visibility_opportunity
5034,content_e70a396cdf3e,0.05,refresh_review,stale_high_volume
5035,content_9c94ce9a26b5,0.045,refresh_review,visibility_opportunity
5036,content_ed62f10eacd4,0.045,refresh_review,visibility_opportunity
5037,content_1939180bfe36,0.045,refresh_review,visibility_opportunity
5038,content_d09a405acf05,0.04,refresh_review,visibility_opportunity
5039,content_7bc32bc1df59,0.04,refresh_review,stale_high_volume
5040,content_93626b5741e8,0.04,refresh_review,visibility_opportunity
5041,content_ea9dd79ca225,0.035,refresh_review,visibility_opportunity
5042,content_a860ee9e7ae4,0.035,refresh_review,visibility_opportunity
5043,content_31b37ae51c0c,0.035,refresh_review,visibility_opportunity
5044,content_c368ad327e78,0.03,refresh_review,visibility_opportunity
5045,content_a6a201a10053,0.025,refresh_review,visibility_opportunity
5046,content_ca972e51fe31,0.02,refresh_review,visibility_opportunity
5047,content_352847c9fbf2,0.015,refresh_review,visibility_opportunity
5048,content_efe9b5229db9,0.015,refresh_review,visibility_opportunity
5049,content_3babe636da1f,0.015,refresh_review,visibility_opportunity
5050,content_e1b24ff1f2e0,0.01,refresh_review,visibility_opportunity
5051,content_728728c27503,0.01,refresh_review,visibility_opportunity
5052,content_51ba4f9ce7e6,0.01,refresh_review,visibility_opportunity
5053,content_71f598d2f965,0.01,refresh_review,visibility_opportunity
5054,content_c5613f8753e3,0.01,refresh_review,visibility_opportunity
5055,content_077fa450ce2d,0.01,refresh_review,visibility_opportunity
5056,content_4c9c84b8343d,0.01,refresh_review,visibility_opportunity
5057,content_4df186d48a02,0.01,refresh_review,visibility_opportunity
5058,content_0297643191af,0.01,refresh_review,visibility_opportunity
5059,content_0f2016e46347,0.01,refresh_review,visibility_opportunity
5060,content_cc908a61bc6b,0.005,refresh_review,visibility_opportunity
5061,content_8670bdb4ea0e,0.005,refresh_review,visibility_opportunity
5062,content_5d7775ffa966,0.005,refresh_review,visibility_opportunity
5063,content_cf8c1068af47,0.005,refresh_review,visibility_opportunity
5064,content_d73fe8925bbd,0.005,refresh_review,visibility_opportunity
5065,content_0477bd042ecd,0.005,refresh_review,visibility_opportunity
5066,content_1f315783354c,0.005,refresh_review,visibility_opportunity
5067,content_cc1a7065fda5,0.005,refresh_review,visibility_opportunity
5068,content_aea4ae583fa0,0.005,refresh_review,visibility_opportunity
5069,content_945f106894f8,0.005,refresh_review,visibility_opportunity
5070,content_dfe2c580ab23,0.005,refresh_review,visibility_opportunity
5071,content_b874d85fb028,0.005,refresh_review,visibility_opportunity
5072,content_3fe487b44ba6,0.005,refresh_review,visibility_opportunity
5073,content_d60098900ae0,0.0,refresh_review,visibility_opportunity
5074,content_95a51bc91a86,0.0,refresh_review,visibility_opportunity
5075,content_861e335e70fc,0.0,refresh_review,stale_high_volume
5076,content_869b5c392fda,0.0,refresh_review,visibility_opportunity
5077,content_3b450eb82457,0.0,refresh_review,stale_high_volume
5078,content_e95d5e80d754,0.0,refresh_review,visibility_opportunity
